year,state_fips,state_abbr,state_name,observed_majority_cell_count,observed_majority_area_km2,rasterized_state_area_km2,state_land_area_km2,observed_majority_share_state_area,majority_dominant_code,majority_dominant_label,majority_dominant_slug,majority_dominant_cell_count,majority_dominant_area_km2,majority_dominant_share_observed,majority_dominant_share_state_area,majority_cells_agriculture,majority_cells_commercial,majority_cells_governmental,majority_cells_industrial,majority_cells_no_classified_land_use_record,majority_cells_recreational,majority_cells_residential_income,majority_cells_residential_owned,majority_cells_vacant_land,majority_area_km2_agriculture,majority_area_km2_commercial,majority_area_km2_governmental,majority_area_km2_industrial,majority_area_km2_no_classified_land_use_record,majority_area_km2_recreational,majority_area_km2_residential_income,majority_area_km2_residential_owned,majority_area_km2_vacant_land,majority_share_observed_agriculture,majority_share_observed_commercial,majority_share_observed_governmental,majority_share_observed_industrial,majority_share_observed_recreational,majority_share_observed_residential_income,majority_share_observed_residential_owned,majority_share_observed_vacant_land,majority_share_state_area_agriculture,majority_share_state_area_commercial,majority_share_state_area_governmental,majority_share_state_area_industrial,majority_share_state_area_no_classified_land_use_record,majority_share_state_area_recreational,majority_share_state_area_residential_income,majority_share_state_area_residential_owned,majority_share_state_area_vacant_land,cumulative_through_year,total_property_record_count,counts_dominant_code,counts_dominant_label,counts_dominant_slug,counts_dominant_record_count,counts_dominant_record_share,counts_dominant_occupied_cell_count,counts_dominant_occupied_area_km2,record_count_agriculture,record_count_commercial,record_count_governmental,record_count_industrial,record_count_recreational,record_count_residential_income,record_count_residential_owned,record_count_vacant_land,record_share_agriculture,record_share_commercial,record_share_governmental,record_share_industrial,record_share_recreational,record_share_residential_income,record_share_residential_owned,record_share_vacant_land,occupied_cells_agriculture,occupied_cells_commercial,occupied_cells_governmental,occupied_cells_industrial,occupied_cells_recreational,occupied_cells_residential_income,occupied_cells_residential_owned,occupied_cells_vacant_land,occupied_area_km2_agriculture,occupied_area_km2_commercial,occupied_area_km2_governmental,occupied_area_km2_industrial,occupied_area_km2_recreational,occupied_area_km2_residential_income,occupied_area_km2_residential_owned,occupied_area_km2_vacant_land,records_per_occupied_cell_agriculture,records_per_occupied_cell_commercial,records_per_occupied_cell_governmental,records_per_occupied_cell_industrial,records_per_occupied_cell_recreational,records_per_occupied_cell_residential_income,records_per_occupied_cell_residential_owned,records_per_occupied_cell_vacant_land,property_records_per_observed_majority_km2
2020,01,AL,Alabama,381937,23871.0625,133891.25,131175.460655,0.1782869492965373,RO,Residential-Owned,residential_owned,271030,16939.375,0.7096196493138921,0.12651592243705245,2371.0,77987.0,1433.0,533.0,1760323.0,1613.0,6108.0,271030.0,20862.0,148.1875,4874.1875,89.5625,33.3125,110020.1875,100.8125,381.75,16939.375,1303.875,0.006207830087160971,0.20418812526673247,0.003751927673935754,0.0013955181090075065,0.004223209586921403,0.01599216624731304,0.7096196493138921,0.05462157371503677,0.001106775087991187,0.03640407793638494,0.0006689197389672588,0.0002488026663430209,0.8217130507034627,0.0007529431534921065,0.0028511945328764947,0.12651592243705245,0.009738313743429835,2020,3407893,RO,Residential-Owned,residential_owned,3041866,0.8925943390828291,368053,23003.3125,4159.0,263787.0,3931.0,1218.0,5523.0,43445.0,3041866.0,43964.0,0.0012204021663825713,0.07740471898618882,0.0011534986573815552,0.0003574055875580601,0.0016206494746167208,0.012748346265566436,0.8925943390828291,0.012900639779476645,2585.0,89588.0,2293.0,756.0,2153.0,9957.0,368053.0,28594.0,161.5625,5599.25,143.3125,47.25,134.5625,622.3125,23003.3125,1787.125,1.60889748549323,2.9444456846899136,1.7143480156999564,1.6111111111111112,2.565257779842081,4.363262026714874,8.26474991373525,1.537525354969574,142.76251842581368
2020,04,AZ,Arizona,132444,8277.75,295234.5625,294360.991275,0.028037875816114857,C,Commercial,commercial,62549,3909.3125,0.4722675243876657,0.013241378200765366,2220.0,62549.0,3522.0,574.0,4591309.0,920.0,2853.0,57483.0,2323.0,138.75,3909.3125,220.125,35.875,286956.8125,57.5,178.3125,3592.6875,145.1875,0.016761801214098034,0.4722675243876657,0.026592371115339315,0.004333907160762284,0.0069463320346712576,0.021541179668388147,0.43401739603153033,0.017539488387544926,0.00046996530089528387,0.013241378200765366,0.0007455935989879234,0.00012151355077202385,0.9719621241838852,0.00019476039496561315,0.0006039689204748851,0.012168925851965587,0.0004917699972881732,2020,4154043,RO,Residential-Owned,residential_owned,2626119,0.6321838748419311,125162,7822.625,6419.0,1431776.0,16725.0,1998.0,5525.0,56959.0,2626119.0,8522.0,0.0015452415875329168,0.34467048126367494,0.00402619809183487,0.0004809772070245782,0.0013300295639693668,0.013711702069526002,0.6321838748419311,0.002051495374506234,2547.0,69442.0,4912.0,760.0,1253.0,5502.0,125162.0,3381.0,159.1875,4340.125,307.0,47.5,78.3125,343.875,7822.625,211.3125,2.520219866509619,20.618300164165777,3.40492671009772,2.6289473684210525,4.409417398244214,10.352417302798981,20.9817596395072,2.520556048506359,501.83238198785904
2020,05,AR,Arkansas,261559,16347.4375,137782.4375,134660.850501,0.11864674334854905,RO,Residential-Owned,residential_owned,222728,13920.5,0.8515401878734817,0.10103247012160022,93.0,26905.0,509.0,263.0,1942960.0,831.0,5722.0,222728.0,4508.0,5.8125,1681.5625,31.8125,16.4375,121435.0,51.9375,357.625,13920.5,281.75,0.0003555603133518633,0.10286398097561163,0.0019460236504956817,0.001005509273242366,0.0031771034451118104,0.021876517344079156,0.8515401878734817,0.0172351171246258,4.21860732431882e-05,0.012204476350623423,0.00023088936861056765,0.00011930040067697307,0.8813532566514509,0.00037695297704397194,0.0025955775386830417,0.10103247012160022,0.00204489051806766,2020,1641339,RO,Residential-Owned,residential_owned,1469699,0.8954268435710112,253488,15843.0,179.0,113965.0,1325.0,688.0,3936.0,42945.0,1469699.0,8602.0,0.00010905730016772891,0.06943416320455432,0.0008072677247052558,0.00041916995818657815,0.002398042086369726,0.026164613160352613,0.8954268435710112,0.0052408429946525364,100.0,32508.0,802.0,368.0,1265.0,8592.0,253488.0,6283.0,6.25,2031.75,50.125,23.0,79.0625,537.0,15843.0,392.6875,1.79,3.505752430171035,1.6521197007481296,1.8695652173913044,3.111462450592885,4.998254189944134,5.7979036482989335,1.3690911984720675,100.40344243554992
2020,06,CA,California,485639,30352.4375,409818.125,403671.196038,0.07406318961612544,RO,Residential-Owned,residential_owned,201561,12597.5625,0.41504286105522825,0.030739398117152577,9637.0,192303.0,3559.0,3226.0,6071451.0,3054.0,59543.0,201561.0,12756.0,602.3125,12018.9375,222.4375,201.625,379465.6875,190.875,3721.4375,12597.5625,797.25,0.01984395816645698,0.39597931797075603,0.007328488856949297,0.006642794339004898,0.006288621795201786,0.12260753357946952,0.41504286105522825,0.026266424236933195,0.001469706836416764,0.029327491310932135,0.0005427712598118983,0.0004919865367106445,0.9259368103838745,0.00046575538844212904,0.00908070500786172,0.030739398117152577,0.0019453751587975763,2020,18521188,RO,Residential-Owned,residential_owned,12199232,0.6586635803275687,449524,28095.25,32110.0,5407910.0,13426.0,9276.0,6752.0,828127.0,12199232.0,24355.0,0.0017336900851068517,0.2919850497711054,0.0007248995042866581,0.0005008318040937762,0.000364555448602973,0.044712412616296535,0.6586635803275687,0.0013149804429391893,10793.0,250480.0,5242.0,4152.0,3888.0,83552.0,449524.0,17178.0,674.5625,15655.0,327.625,259.5,243.0,5222.0,28095.25,1073.625,2.975076438432317,21.59018684126477,2.561236169400992,2.2341040462427744,1.7366255144032923,9.91151618153964,27.138110534698924,1.4178018395622307,610.2043040200643
2020,08,CO,Colorado,204961,12810.0625,269598.0,268418.746964,0.0475154211084652,RO,Residential-Owned,residential_owned,141077,8817.3125,0.6883114348583389,0.03270540768106588,6037.0,39266.0,4024.0,1231.0,4108607.0,1703.0,6404.0,141077.0,5219.0,377.3125,2454.125,251.5,76.9375,256787.9375,106.4375,400.25,8817.3125,326.1875,0.029454384004761882,0.19157790994384297,0.019633003351857182,0.0060060206575885166,0.008308897790311328,0.03124496855499339,0.6883114348583389,0.025463380838305825,0.0013995374594767023,0.009102905066061321,0.0009328704218874028,0.00028537860073145945,0.9524845788915348,0.00039480077745383867,0.0014846178384112642,0.03270540768106588,0.0012099032633773247,2020,3695300,RO,Residential-Owned,residential_owned,3250745,0.8796971829080182,189960,11872.5,14781.0,296567.0,14704.0,4140.0,5207.0,90268.0,3250745.0,18888.0,0.003999945877195357,0.08025518902389522,0.003979108597407518,0.0011203420561253484,0.0014090872188996834,0.024427786647904095,0.8796971829080182,0.005111357670554488,6917.0,48401.0,5900.0,1809.0,2201.0,11131.0,189960.0,7566.0,432.3125,3025.0625,368.75,113.0625,137.5625,695.6875,11872.5,472.875,2.1369090646233917,6.127290758455404,2.4922033898305083,2.288557213930348,2.3657428441617445,8.109603809181564,17.11278690250579,2.4964314036478985,288.4685379169696
2020,09,CT,Connecticut,116066,7254.125,12924.5,12541.688516,0.5612692947502804,RO,Residential-Owned,residential_owned,58202,3637.625,0.501456068099185,0.2814518936902782,1088.0,35480.0,3808.0,35.0,90726.0,259.0,14286.0,58202.0,2908.0,68.0,2217.5,238.0,2.1875,5670.375,16.1875,892.875,3637.625,181.75,0.009373976875226165,0.30568814295314733,0.03280891906329157,0.00030155256491995935,0.0022314889804076993,0.12308514121275826,0.501456068099185,0.02505471025106405,0.0052613253897636275,0.17157336840883594,0.018414638864172696,0.00016925219544276375,0.4387307052497195,0.0012524662462764517,0.0690839104027235,0.2814518936902782,0.014062439552787341,2020,2267729,RO,Residential-Owned,residential_owned,1704791,0.751761343617337,111424,6964.0,1979.0,369217.0,12288.0,96.0,1059.0,172601.0,1704791.0,5698.0,0.0008726792310721431,0.16281354606304368,0.005418636882978522,4.23331006482697e-05,0.00046698701652622514,0.07611182817699999,0.751761343617337,0.0025126459113941745,1207.0,46266.0,5703.0,46.0,335.0,21596.0,111424.0,3920.0,75.4375,2891.625,356.4375,2.875,20.9375,1349.75,6964.0,245.0,1.63960231980116,7.980309514546319,2.154655444502893,2.0869565217391304,3.1611940298507464,7.9922670864975,15.30003410396324,1.4535714285714285,312.612341254114
2020,10,DE,Delaware,31299,1956.1875,5207.0625,5046.731558,0.37567966583846457,RO,Residential-Owned,residential_owned,28223,1763.9375,0.9017220997475958,0.33875865711233544,118.0,1852.0,92.0,0.0,52014.0,7.0,519.0,28223.0,488.0,7.375,115.75,5.75,0.0,3250.875,0.4375,32.4375,1763.9375,30.5,0.0037700885012300713,0.05917121952778044,0.0029393910348573435,0.0,0.0002236493178695805,0.016581999424901753,0.9017220997475958,0.015591552445765041,0.001416345588323551,0.022229423979450987,0.0011042694417437854,0.0,0.6243203341615354,8.402050100224454e-05,0.006229520002880703,0.33875865711233544,0.0058574292127279055,2020,645423,RO,Residential-Owned,residential_owned,628524,0.9738171710645577,30855,1928.4375,244.0,8431.0,326.0,0.0,32.0,6964.0,628524.0,902.0,0.0003780466453783023,0.013062751095018307,0.0005050951081693711,0.0,4.957988791846587e-05,0.010789823108256135,0.9738171710645577,0.001397533090701757,126.0,2049.0,134.0,0.0,7.0,742.0,30855.0,596.0,7.875,128.0625,8.375,0.0,0.4375,46.375,1928.4375,37.25,1.9365079365079365,4.11469009272816,2.4328358208955225,0.0,4.571428571428571,9.38544474393531,20.370247933884297,1.5134228187919463,329.9392312853446
2020,11,DC,District of Columbia,2073,129.5625,176.75,158.316124,0.733026874115983,C,Commercial,commercial,572,35.75,0.2759286058851905,0.20226308345120225,0.0,572.0,376.0,3.0,755.0,83.0,439.0,480.0,120.0,0.0,35.75,23.5,0.1875,47.1875,5.1875,27.4375,30.0,7.5,0.0,0.2759286058851905,0.18137964302942594,0.001447178002894356,0.04003859141341052,0.21177038109020743,0.23154848046309695,0.05788712011577424,0.0,0.20226308345120225,0.13295615275813297,0.0010608203677510608,0.26697312588401695,0.02934936350777935,0.15523338048090524,0.16973125884016974,0.042432814710042434,2020,269000,RO,Residential-Owned,residential_owned,231008,0.8587657992565055,1782,111.375,0.0,8242.0,1807.0,5.0,182.0,27544.0,231008.0,212.0,0.0,0.030639405204460967,0.006717472118959108,1.858736059479554e-05,0.0006765799256505576,0.10239405204460966,0.8587657992565055,0.0007881040892193309,0.0,995.0,537.0,3.0,109.0,1211.0,1782.0,176.0,0.0,62.1875,33.5625,0.1875,6.8125,75.6875,111.375,11.0,0.0,8.283417085427136,3.364990689013035,1.6666666666666667,1.6697247706422018,22.74483897605285,129.6341189674523,1.2045454545454546,2076.2180414857694
2020,12,FL,Florida,508771,31798.1875,150864.625,138958.484319,0.210772986046265,RO,Residential-Owned,residential_owned,349582,21848.875,0.6871107040299074,0.14482437483273497,5994.0,78349.0,15208.0,6557.0,1905063.0,10229.0,26550.0,349582.0,16302.0,374.625,4896.8125,950.5,409.8125,119066.4375,639.3125,1659.375,21848.875,1018.875,0.011781331876227222,0.15399659178687464,0.029891640836447048,0.012887920105509158,0.02010531260626097,0.052184578130435894,0.6871107040299074,0.0320419206283377,0.002483186499154457,0.032458321491867295,0.006300350396920418,0.00271642540456386,0.789227013953735,0.004237656773415239,0.01099909935811659,0.14482437483273497,0.006753571289492152,2020,13873958,RO,Residential-Owned,residential_owned,12092375,0.8715879779944555,464507,29031.6875,16309.0,1106121.0,64062.0,29513.0,90417.0,433786.0,12092375.0,41375.0,0.0011755117032933211,0.07972641981473491,0.004617427845752452,0.0021272228155800963,0.00651702996361961,0.03126620391960247,0.8715879779944555,0.0029822059429616262,7383.0,106782.0,21279.0,9236.0,13481.0,44701.0,464507.0,20884.0,461.4375,6673.875,1329.9375,577.25,842.5625,2793.8125,29031.6875,1305.25,2.2089936340241096,10.358684047873236,3.010573805160017,3.195430922477263,6.706995030042282,9.704167691997942,26.032707795576815,1.9811817659452213,436.3128558821159
2020,13,GA,Georgia,562562,35160.125,152571.75,149486.234922,0.23044977199252156,RO,Residential-Owned,residential_owned,401542,25096.375,0.7137737707132725,0.164489002715116,4334.0,106582.0,6617.0,1445.0,1878586.0,2432.0,10847.0,401542.0,28763.0,270.875,6661.375,413.5625,90.3125,117411.625,152.0,677.9375,25096.375,1797.6875,0.007704039732509484,0.18945822860413608,0.011762259093219948,0.0025686057714527466,0.004323079056175141,0.019281430313458782,0.7137737707132725,0.051128586715775325,0.0017753941997781372,0.04366060558393019,0.0027106099261495,0.0005919346143699604,0.7695502280074784,0.0009962525828012066,0.00444340121942627,0.164489002715116,0.01178257115095029,2020,6369144,RO,Residential-Owned,residential_owned,5654425,0.8877841355133437,540551,33784.4375,9691.0,506107.0,21309.0,3714.0,7177.0,92561.0,5654425.0,74160.0,0.001521554544849355,0.07946232649159761,0.003345661520606223,0.0005831238860355489,0.001126839022637893,0.014532722136601088,0.8877841355133437,0.01164363688432857,5298.0,124768.0,9566.0,2002.0,3252.0,17102.0,540551.0,39870.0,331.125,7798.0,597.875,125.125,203.25,1068.875,33784.4375,2491.875,1.8291808229520574,4.056384649910234,2.2275768346226217,1.855144855144855,2.206949569495695,5.412290960121624,10.460483839637703,1.8600451467268624,181.14679626423398
2020,16,ID,Idaho,93709,5856.8125,216441.875,214049.923496,0.02705951655611928,RO,Residential-Owned,residential_owned,60014,3750.875,0.6404294144639255,0.01732971034371237,1632.0,27347.0,300.0,46.0,3369361.0,52.0,952.0,60014.0,3366.0,102.0,1709.1875,18.75,2.875,210585.0625,3.25,59.5,3750.875,210.375,0.017415616429585206,0.29182895986511437,0.0032014000789678688,0.0004908813454417399,0.0005549093470210972,0.010159109583924703,0.6404294144639255,0.03591970888601949,0.00047125816111138384,0.007896750571025131,8.662833843959262e-05,1.3283011894070869e-05,0.9729404834438807,1.501557866286272e-05,0.0002749005939816406,0.01732971034371237,0.0009719699572922291,2020,996814,RO,Residential-Owned,residential_owned,837834,0.8405118708204339,90293,5643.3125,4235.0,138065.0,1015.0,152.0,142.0,6318.0,837834.0,9053.0,0.004248535835170855,0.138506281011302,0.0010182441257847502,0.00015248581982195273,0.0001424538579915611,0.00633819348444143,0.8405118708204339,0.00908193504505354,1761.0,29850.0,453.0,74.0,82.0,1466.0,90293.0,5288.0,110.0625,1865.625,28.3125,4.625,5.125,91.625,5643.3125,330.5,2.4048835888699602,4.625293132328308,2.240618101545254,2.054054054054054,1.7317073170731707,4.3096862210095495,9.279058177267341,1.7119894099848714,170.19735564353476
2020,17,IL,Illinois,171305,10706.5625,145911.25,143778.461053,0.07337722416880124,C,Commercial,commercial,104415,6525.9375,0.6095268672835001,0.04472538957756855,2904.0,104415.0,130.0,31.0,2163275.0,76.0,10186.0,49655.0,3908.0,181.5,6525.9375,8.125,1.9375,135204.6875,4.75,636.625,3103.4375,244.25,0.016952219725051808,0.6095268672835001,0.0007588803595925396,0.00018096377805668253,0.00044365313330025393,0.059461194944689294,0.28986310965821194,0.02281311111759727,0.0012439068269239006,0.04472538957756855,5.568453426312227e-05,1.3278619708898388e-05,0.9266227758311988,3.255403541536379e-05,0.004363097430801257,0.021269350375656436,0.0016739627684637065,2020,4187075,RO,Residential-Owned,residential_owned,2348591,0.5609144808726856,159813,9988.3125,4938.0,1651905.0,386.0,86.0,162.0,172292.0,2348591.0,8715.0,0.0011793435751688232,0.3945248174441585,9.218846091842157e-05,2.053939802845662e-05,3.8690493960581074e-05,0.041148534478126136,0.5609144808726856,0.002081405276953482,3012.0,123419.0,207.0,43.0,104.0,13662.0,159813.0,5535.0,188.25,7713.6875,12.9375,2.6875,6.5,853.875,9988.3125,345.9375,1.6394422310756973,13.384527503868934,1.8647342995169083,2.0,1.5576923076923077,12.611037915385742,14.69586954753368,1.5745257452574526,391.07556697119173
2020,18,IN,Indiana,441069,27566.8125,93727.5,92788.998225,0.29411658798111545,RO,Residential-Owned,residential_owned,351584,21974.0,0.7971179112565154,0.2344456002773999,35174.0,31857.0,3577.0,4208.0,1058571.0,4798.0,8661.0,351584.0,1210.0,2198.375,1991.0625,223.5625,263.0,66160.6875,299.875,541.3125,21974.0,75.625,0.07974715974144635,0.07222679444712732,0.00810984222423249,0.009540457388753233,0.010878116575864547,0.019636383423001842,0.7971179112565154,0.0027433349430587956,0.023454962524339176,0.021243098343602464,0.0023852391240564404,0.0028060067749593235,0.7058834120188845,0.0031994345309540955,0.0057753860926622385,0.2344456002773999,0.0008068603131418207,2020,6304679,RO,Residential-Owned,residential_owned,5680020,0.9009213633239694,404843,25302.6875,113321.0,304604.0,23570.0,18627.0,17751.0,144607.0,5680020.0,2179.0,0.017974110973770434,0.04831395856950053,0.0037384932682536258,0.0029544723847161765,0.0028155279594726393,0.02293645719314179,0.9009213633239694,0.00034561632717542004,38167.0,42626.0,6369.0,5545.0,6210.0,15222.0,404843.0,1665.0,2385.4375,2664.125,398.0625,346.5625,388.125,951.375,25302.6875,104.0625,2.9690832394476905,7.14596725003519,3.7007379494426127,3.3592425608656447,2.858454106280193,9.499868611220602,14.030179600487102,1.3087087087087088,228.70540436983782
2020,19,IA,Iowa,288222,18013.875,145744.0625,144659.688848,0.12359937476012102,RO,Residential-Owned,residential_owned,213429,13339.3125,0.7405021129545974,0.09152559816973677,12298.0,45235.0,1462.0,892.0,2043683.0,1567.0,7753.0,213429.0,5586.0,768.625,2827.1875,91.375,55.75,127730.1875,97.9375,484.5625,13339.3125,349.125,0.04266849858789405,0.15694499378950946,0.005072478853106286,0.00309483661899508,0.005436781369916245,0.026899403931691542,0.7405021129545974,0.01938089389428982,0.005273799747416812,0.01939830310411445,0.0006269552147278727,0.00038251987109251876,0.8764006252398789,0.0006719827780291221,0.003324749507377016,0.09152559816973677,0.0023954663676264685,2020,3379218,RO,Residential-Owned,residential_owned,3009944,0.8907220546292071,273069,17066.8125,33024.0,210072.0,5245.0,2656.0,5322.0,94839.0,3009944.0,18116.0,0.009772675216573776,0.06216586204263827,0.0015521342511788231,0.0007859806617980847,0.0015749205881360718,0.028065368969980627,0.8907220546292071,0.005361003640487237,14084.0,51909.0,2207.0,1205.0,2116.0,12452.0,273069.0,8970.0,880.25,3244.3125,137.9375,75.3125,132.25,778.25,17066.8125,560.625,2.344788412382846,4.046928278333237,2.376529225192569,2.204149377593361,2.515122873345936,7.616366848699005,11.022649952942297,2.0196209587513936,187.58973291421196
2020,20,KS,Kansas,201172,12573.25,213090.0625,211753.777874,0.05900439397543468,RO,Residential-Owned,residential_owned,134000,8375.0,0.6660966734933291,0.03930263054852687,9983.0,43726.0,2718.0,1350.0,3208269.0,1485.0,6916.0,134000.0,994.0,623.9375,2732.875,169.875,84.375,200516.8125,92.8125,432.25,8375.0,62.125,0.04962420217525302,0.21735629212812915,0.013510826556379616,0.006710675441910405,0.0073817429861014455,0.03437854174537212,0.6660966734933291,0.0049410454735251425,0.0029280459758652517,0.012824976293767805,0.0007971981330663883,0.00039595933761575575,0.9409956060245653,0.0004355552713773314,0.0020284850214448646,0.03930263054852687,0.00029154339377041575,2020,2443041,RO,Residential-Owned,residential_owned,2059913,0.8431757796942417,187573,11723.3125,26702.0,237975.0,9247.0,3573.0,6570.0,96408.0,2059913.0,2653.0,0.010929820662035553,0.09740933533248111,0.003785036763607324,0.0014625215049604162,0.0026892712811614704,0.03946229310109818,0.8431757796942417,0.0010859416604142133,10762.0,49922.0,3893.0,1746.0,1877.0,10531.0,187573.0,1850.0,672.625,3120.125,243.3125,109.125,117.3125,658.1875,11723.3125,115.625,2.481137335067831,4.7669364208164735,2.375288980220909,2.0463917525773194,3.5002663825253064,9.154686164656727,10.981927036407159,1.434054054054054,194.30465472332133
2020,21,KY,Kentucky,246399,15399.9375,104650.75,102282.79608,0.14715553878018076,C,Commercial,commercial,123232,7702.0,0.5001318998859573,0.07359717918887347,13008.0,123232.0,2117.0,242.0,1428013.0,619.0,3808.0,101389.0,1984.0,813.0,7702.0,132.3125,15.125,89250.8125,38.6875,238.0,6336.8125,124.0,0.0527924220471674,0.5001318998859573,0.008591755648358963,0.0009821468431284218,0.0025121855202334424,0.015454608176169546,0.41148300114854364,0.008051980730441275,0.007768697309861611,0.07359717918887347,0.0012643244315019243,0.00014452834786181658,0.8528444612198193,0.0003696820137457209,0.002274231192800816,0.06055200273289967,0.0011848935626357193,2020,2817188,RO,Residential-Owned,residential_owned,2266752,0.8046150984598827,231007,14437.9375,27985.0,428688.0,12398.0,1180.0,3213.0,69237.0,2266752.0,7735.0,0.009933664348989135,0.15216875835052543,0.0044008422583086395,0.0004188573854496044,0.0011404989656352363,0.024576634573198523,0.8046150984598827,0.002745645658010754,13821.0,136169.0,3269.0,320.0,786.0,6112.0,231007.0,2945.0,863.8125,8510.5625,204.3125,20.0,49.125,382.0,14437.9375,184.0625,2.0248173069965993,3.148205538705579,3.792597124502906,3.6875,4.087786259541985,11.328043193717278,9.81248187284368,2.6264855687606112,182.93502814540642
2020,22,LA,Louisiana,104894,6555.875,122007.4375,111913.975425,0.05373340457215979,RO,Residential-Owned,residential_owned,69267,4329.1875,0.6603523557114802,0.03548298028962374,1830.0,26943.0,457.0,6.0,1847225.0,269.0,2177.0,69267.0,3945.0,114.375,1683.9375,28.5625,0.375,115451.5625,16.8125,136.0625,4329.1875,246.5625,0.017446183766469007,0.2568593055846855,0.004356779224741167,5.7200602513013136e-05,0.002564493679333422,0.0207542852784716,0.6603523557114802,0.037609396152306136,0.0009374428505639256,0.01380192498510593,0.00023410458071459783,3.0735831166030348e-06,0.9462665954278402,0.0001377989763943694,0.0011151984074741345,0.03548298028962374,0.0020208808991664957,2020,1207327,RO,Residential-Owned,residential_owned,990542,0.8204421834349767,100059,6253.6875,3179.0,160857.0,1289.0,13.0,615.0,40451.0,990542.0,10381.0,0.0026330894612644298,0.13323399542957293,0.001067647787219204,1.0767588234173509e-05,0.0005093897510782083,0.033504593204657894,0.8204421834349767,0.008598333342996553,2008.0,30697.0,700.0,7.0,345.0,4102.0,100059.0,6012.0,125.5,1918.5625,43.75,0.4375,21.5625,256.375,6253.6875,375.75,1.5831673306772909,5.240153760953839,1.8414285714285714,1.8571428571428572,1.7826086956521738,9.861287176986835,9.899579248243537,1.7267132401862941,184.1595515472763
2020,23,ME,Maine,78133,4883.3125,84886.9375,79888.428972,0.057527255003162296,RO,Residential-Owned,residential_owned,52273,3267.0625,0.669025891748685,0.03848722307834465,664.0,15910.0,1703.0,77.0,1280058.0,284.0,5266.0,52273.0,1956.0,41.5,994.375,106.4375,4.8125,80003.625,17.75,329.125,3267.0625,122.25,0.008498329771031446,0.2036271485799854,0.021796168072389387,0.0009854990848937068,0.0036348277936339318,0.06739789845519818,0.669025891748685,0.025034236494182995,0.0004888855838390919,0.011714110901927638,0.0012538737187921286,5.669305716206336e-05,0.9424727449968378,0.00020910166537696097,0.0038772160911094244,0.03848722307834465,0.0014401509066103368,2020,758133,RO,Residential-Owned,residential_owned,633791,0.8359891997842067,73754,4609.625,1224.0,65061.0,6246.0,306.0,1762.0,46328.0,633791.0,3415.0,0.0016144924439379371,0.08581739615608343,0.00823865997127153,0.0004036231109844843,0.0023241304625969323,0.06110801139114113,0.8359891997842067,0.004504486679777823,749.0,19196.0,2585.0,125.0,400.0,8085.0,73754.0,2667.0,46.8125,1199.75,161.5625,7.8125,25.0,505.3125,4609.625,166.6875,1.6341789052069426,3.3892998541362784,2.416247582205029,2.448,4.405,5.730117501546073,8.593310193345445,1.2804649418822647,155.24974082653935
2020,24,MD,Maryland,177744,11109.0,26643.9375,25151.895765,0.4169428786567301,RO,Residential-Owned,residential_owned,145411,9088.1875,0.8180923125393825,0.34109776379711143,1989.0,19097.0,2512.0,1034.0,248559.0,1229.0,3155.0,145411.0,3317.0,124.3125,1193.5625,157.0,64.625,15534.9375,76.8125,197.1875,9088.1875,207.3125,0.011190251147718067,0.1074410387973715,0.014132685210189936,0.005817355297506526,0.006914438743361239,0.017750247547033936,0.8180923125393825,0.018661670717436313,0.0046656955264213484,0.04479677600204549,0.005892522454685987,0.0024255048639113493,0.5830571213432699,0.002882925993952658,0.007400839309129891,0.34109776379711143,0.007780850709471901,2020,3891646,RO,Residential-Owned,residential_owned,3703302,0.9516029978060697,169874,10617.125,4104.0,113564.0,8667.0,3205.0,3994.0,49731.0,3703302.0,5079.0,0.001054566628105434,0.029181482591170933,0.0022270782080384497,0.0008235589773581667,0.0010263009533755126,0.0127789115453975,0.9516029978060697,0.0013051032904842835,2276.0,24073.0,3509.0,1358.0,1554.0,5314.0,169874.0,4076.0,142.25,1504.5625,219.3125,84.875,97.125,332.125,10617.125,254.75,1.803163444639719,4.717484318531135,2.469934454260473,2.3600883652430045,2.57014157014157,9.358487015430937,21.800287271742587,1.2460745829244357,350.31469979296065
2020,25,MA,Massachusetts,170169,10635.5625,21210.875,20204.396898,0.5014202620118218,RO,Residential-Owned,residential_owned,104157,6509.8125,0.6120797560072634,0.3069091916292939,2468.0,22530.0,9958.0,449.0,169205.0,1174.0,20407.0,104157.0,9026.0,154.25,1408.125,622.375,28.0625,10575.3125,73.375,1275.4375,6509.8125,564.125,0.01450322914279334,0.1323977927824692,0.05851829651699193,0.0026385534380527595,0.006899023911523251,0.11992195993394801,0.6120797560072634,0.053041388266958145,0.0072722129567969265,0.06638693594677259,0.02934225957203557,0.0013230241562406078,0.49857973798817823,0.0034593103773418116,0.060131300571051406,0.3069091916292939,0.02659602680228892,2020,4687462,RO,Residential-Owned,residential_owned,3886816,0.8291941353337905,162015,10125.9375,4867.0,197794.0,47788.0,1513.0,4212.0,526881.0,3886816.0,17591.0,0.001038301750499524,0.04219639540544542,0.010194855979632475,0.00032277594997036775,0.0008985672843854521,0.11240219120709671,0.8291941353337905,0.003752777089179603,2844.0,33811.0,15256.0,647.0,1584.0,37841.0,162015.0,12073.0,177.75,2113.1875,953.5,40.4375,99.0,2365.0625,10125.9375,754.5625,1.7113220815752461,5.849989648339298,3.1324069218668065,2.338485316846986,2.659090909090909,13.92354853201554,23.99047001820819,1.4570529280212043,440.7347519230882
2020,26,MI,Michigan,275442,17215.125,150912.5625,146614.604273,0.11407350531205777,RO,Residential-Owned,residential_owned,131535,8220.9375,0.47754155139739035,0.054474838700058516,11416.0,122750.0,791.0,372.0,2139159.0,809.0,3282.0,131535.0,4487.0,713.5,7671.875,49.4375,23.25,133697.4375,50.5625,205.125,8220.9375,280.4375,0.04144611206715025,0.44564735951670403,0.0028717479541972538,0.0013505565600017426,0.00293709746516508,0.011915394166466987,0.47754155139739035,0.016290180872924245,0.004727903285056206,0.050836556433133256,0.0003275903555080115,0.00015406272092159326,0.8859264946879423,0.00033504500329454017,0.001359230779743734,0.054474838700058516,0.0018582780343419057,2020,4750684,RO,Residential-Owned,residential_owned,3456200,0.7275162902857778,257579,16098.6875,26331.0,1217705.0,2018.0,1148.0,7324.0,28550.0,3456200.0,11408.0,0.005542570290930738,0.25632203699509376,0.0004247809368082575,0.00024164941301084222,0.0015416727359681259,0.006009660924616329,0.7275162902857778,0.0024013384177941533,12064.0,141226.0,1046.0,474.0,1117.0,4759.0,257579.0,5571.0,754.0,8826.625,65.375,29.625,69.8125,297.4375,16098.6875,348.1875,2.1826094164456236,8.622385396456743,1.9292543021032504,2.4219409282700424,6.556848701880035,5.999159487287245,13.41801932610966,2.047747262609944,275.9598899223793
2020,27,MN,Minnesota,368738,23046.125,218563.0625,206232.15757,0.10544382356465197,RO,Residential-Owned,residential_owned,269031,16814.4375,0.7295993361139888,0.07693174367009065,16436.0,60029.0,4596.0,632.0,3128271.0,1664.0,10331.0,269031.0,6019.0,1027.25,3751.8125,287.25,39.5,195516.9375,104.0,645.6875,16814.4375,376.1875,0.04457365392229713,0.16279580623640633,0.01246413442606946,0.0017139540812175582,0.004512689226496862,0.028017182932054737,0.7295993361139888,0.01632324306146912,0.004700016499814556,0.017165812269856896,0.0013142659913085726,0.00018072587173781937,0.894556176435348,0.0004758352066008409,0.0029542388938661583,0.07693174367009065,0.001721185161376479,2020,3817363,RO,Residential-Owned,residential_owned,3275311,0.858003548522894,346962,21685.125,65627.0,354707.0,14206.0,1789.0,4791.0,83848.0,3275311.0,17084.0,0.017191710612797367,0.09291937916305051,0.0037214171143797434,0.00046864812175315785,0.0012550548637894799,0.021964900901486183,0.858003548522894,0.004475340699849608,23717.0,67855.0,6541.0,876.0,2083.0,14746.0,346962.0,9023.0,1482.3125,4240.9375,408.8125,54.75,130.1875,921.625,21685.125,563.9375,2.767086899692204,5.2274261292461865,2.1718391683228866,2.0422374429223744,2.300048007681229,5.686152176861522,9.439970371395138,1.8933835753075474,165.6401238819975
2020,28,MS,Mississippi,300492,18780.75,123473.0,121532.487805,0.1521041037311801,RO,Residential-Owned,residential_owned,237378,14836.125,0.789964458288407,0.12015683590744536,7614.0,41840.0,739.0,871.0,1675076.0,952.0,4081.0,237378.0,7017.0,475.875,2615.0,46.1875,54.4375,104692.25,59.5,255.0625,14836.125,438.5625,0.02533844495028154,0.13923831582870758,0.002459300081200165,0.0028985796626865273,0.0031681375876895226,0.013581060394286703,0.789964458288407,0.023351703206740945,0.0038540814591044195,0.021178719234164554,0.00037406963465696954,0.0004408858616863606,0.8478958962688199,0.0004818867282725778,0.0020657350189920063,0.12015683590744536,0.0035518898868578557,2020,1850803,RO,Residential-Owned,residential_owned,1665846,0.9000666197320839,287993,17999.5625,14467.0,120708.0,1410.0,2060.0,2012.0,27020.0,1665846.0,17280.0,0.007816607169968928,0.06521925888384664,0.000761831486117107,0.0011130303981569081,0.001087095709267815,0.01459906862048527,0.9000666197320839,0.009336488000073482,8454.0,47132.0,1033.0,1184.0,1273.0,6658.0,287993.0,10942.0,528.375,2945.75,64.5625,74.0,79.5625,416.125,17999.5625,683.875,1.7112609415661226,2.561062547738267,1.3649564375605034,1.739864864864865,1.5805184603299294,4.058275758486032,5.784328091307775,1.5792359714860171,98.54787481863077
2020,29,MO,Missouri,412344,25771.5,180546.4375,178052.563675,0.14274166999279617,RO,Residential-Owned,residential_owned,285517,17844.8125,0.6924242865180529,0.09883779900115724,7760.0,100047.0,1412.0,1047.0,2476399.0,1172.0,9737.0,285517.0,5652.0,485.0,6252.9375,88.25,65.4375,154774.9375,73.25,608.5625,17844.8125,353.25,0.018819238305880528,0.24262994005005528,0.0034243253206060957,0.002539142075548571,0.0028422870224860796,0.02361377878664416,0.6924242865180529,0.013707001920726384,0.0026862895037737867,0.034633402832996915,0.0004887939148619313,0.0003624413802127777,0.8572583300072039,0.0004057127961885152,0.0033706702188460516,0.09883779900115724,0.001956560344758949,2020,4406812,RO,Residential-Owned,residential_owned,3402110,0.7720116038533071,397691,24855.6875,15189.0,812144.0,4893.0,2867.0,3606.0,151047.0,3402110.0,14956.0,0.0034467093218408227,0.18429286295852876,0.00111032646729654,0.0006505836872550951,0.0008182786104785046,0.03427579846837124,0.7720116038533071,0.00339383663292194,8795.0,111671.0,2185.0,1357.0,1575.0,16154.0,397691.0,8418.0,549.6875,6979.4375,136.5625,84.8125,98.4375,1009.625,24855.6875,526.125,1.7270039795338261,7.272649121078883,2.239359267734554,2.1127487103905676,2.2895238095238097,9.350439519623622,8.55465675612473,1.7766690425279164,170.99555710765767
2020,30,MT,Montana,137970,8623.125,380841.625,376973.673895,0.022642286015873397,RO,Residential-Owned,residential_owned,110836,6927.25,0.8033340581285787,0.018189319510439544,602.0,17023.0,667.0,605.0,5955496.0,343.0,3291.0,110836.0,4603.0,37.625,1063.9375,41.6875,37.8125,372218.5,21.4375,205.6875,6927.25,287.6875,0.004363267376966007,0.12338189461477132,0.004834384286439081,0.004385011234326303,0.0024860476915271436,0.0238530115242444,0.8033340581285787,0.03336232514314706,9.879434791299402e-05,0.002793648147048002,0.00010946151172419769,9.928667855043418e-05,0.9773577139841266,5.628980288065938e-05,0.0005400867092718659,0.018189319510439544,0.0007553993080457001,2020,935997,RO,Residential-Owned,residential_owned,802258,0.8571159950298985,132167,8260.4375,1258.0,88919.0,1830.0,1709.0,1234.0,28008.0,802258.0,10781.0,0.001344021401777997,0.09499923610866275,0.001955134471584845,0.0018258605529718579,0.0013183802939539335,0.02992317283068215,0.8571159950298985,0.011518199310467875,666.0,21434.0,1075.0,836.0,500.0,5404.0,132167.0,7341.0,41.625,1339.625,67.1875,52.25,31.25,337.75,8260.4375,458.8125,1.8888888888888888,4.148502379397219,1.7023255813953488,2.0442583732057416,2.468,5.1828275351591415,6.070032610258234,1.4686010080370522,108.54498804087845
2020,31,NE,Nebraska,134711,8419.4375,200337.625,198957.373531,0.04202624195030764,RO,Residential-Owned,residential_owned,82809,5175.5625,0.614715947472738,0.025834201139201884,13370.0,31180.0,1828.0,377.0,3070691.0,658.0,3001.0,82809.0,1488.0,835.625,1948.75,114.25,23.5625,191918.1875,41.125,187.5625,5175.5625,93.0,0.0992495044948074,0.23145845550845884,0.0135697901433439,0.0027985836345955414,0.0048845305877025635,0.02227731959528175,0.614715947472738,0.011045868563072058,0.0041710836893469215,0.009727329052643008,0.0005702872837790705,0.00011761395294568357,0.9579737580496923,0.00020527846429246627,0.0009362320233156403,0.025834201139201884,0.00046421634478296324,2020,1443848,RO,Residential-Owned,residential_owned,1227962,0.8504787207517689,122967,7685.4375,23144.0,150175.0,5788.0,931.0,2919.0,27271.0,1227962.0,5658.0,0.016029388135039145,0.10401025592721672,0.004008732221120229,0.0006448047162859248,0.002021680952565644,0.01888772225331198,0.8504787207517689,0.003918695042691474,14220.0,39587.0,2720.0,518.0,998.0,5028.0,122967.0,2727.0,888.75,2474.1875,170.0,32.375,62.375,314.25,7685.4375,170.4375,1.6275668073136427,3.7935433349331853,2.1279411764705882,1.7972972972972974,2.9248496993987976,5.423826571201273,9.98611009457822,2.074807480748075,171.48984121563942
2020,32,NV,Nevada,48413,3025.8125,286372.5,284537.264244,0.010566002322150346,RO,Residential-Owned,residential_owned,22500,1406.25,0.464751203189226,0.004910562292119529,109.0,17278.0,954.0,410.0,4533547.0,837.0,4832.0,22500.0,1493.0,6.8125,1079.875,59.625,25.625,283346.6875,52.3125,302.0,1406.25,93.3125,0.002251461384338917,0.35688761283126436,0.019705451015223183,0.00846879970255923,0.01728874475863921,0.09980790283601512,0.464751203189226,0.030838824282733976,2.3788946215156832e-05,0.0037708753459218328,0.00020820784118586805,8.948135732306699e-05,0.9894339976778497,0.0001826729172668465,0.0010545705331342918,0.004910562292119529,0.00032584308898375366,2020,1874885,RO,Residential-Owned,residential_owned,1475078,0.7867565210666254,42871,2679.4375,288.0,325289.0,4212.0,1321.0,7982.0,56030.0,1475078.0,4685.0,0.0001536094213778445,0.1734981078839502,0.002246537787650976,0.0007045765473615715,0.004257327782770676,0.02988449958264107,0.7867565210666254,0.0024988199276222275,121.0,21783.0,1439.0,560.0,1136.0,7316.0,42871.0,2071.0,7.5625,1361.4375,89.9375,35.0,71.0,457.25,2679.4375,129.4375,2.3801652892561984,14.933158885369325,2.927032661570535,2.3589285714285713,7.026408450704225,7.658556588299617,34.40736161974295,2.2621921776919365,619.6302645983517
2020,33,NH,New Hampshire,100183,6261.4375,24037.625,23190.113978,0.2604848648732976,RO,Residential-Owned,residential_owned,77436,4839.75,0.7729455097172175,0.20134060665311151,1590.0,8122.0,2604.0,151.0,284419.0,292.0,6765.0,77436.0,3223.0,99.375,507.625,162.75,9.4375,17776.1875,18.25,422.8125,4839.75,201.4375,0.01587095615024505,0.08107163890081151,0.025992433846061706,0.0015072417476018885,0.002914666160925506,0.06752642663925017,0.7729455097172175,0.032171126837886664,0.004134143868206613,0.021117934904134664,0.006770635618119511,0.00039261366295547084,0.7395151351267024,0.0007592264210794535,0.017589612118501723,0.20134060665311151,0.008380091627188627,2020,1137651,RO,Residential-Owned,residential_owned,1000033,0.8790332008674013,95721,5982.5625,2827.0,55551.0,10749.0,516.0,3104.0,59624.0,1000033.0,5247.0,0.0024849448556719064,0.04882956196584014,0.00944841607839311,0.0004535661639641683,0.0027284290173348416,0.05240974604689839,0.8790332008674013,0.0046121350044961065,1714.0,11042.0,3925.0,210.0,383.0,9749.0,95721.0,3974.0,107.125,690.125,245.3125,13.125,23.9375,609.3125,5982.5625,248.375,1.6493582263710618,5.030882086578519,2.73859872611465,2.4571428571428573,8.10443864229765,6.115909324033234,10.447373094723206,1.3203321590337191,181.69166425441443
2020,34,NJ,New Jersey,150295,9393.4375,20114.875,19048.737655,0.4669896034650973,RO,Residential-Owned,residential_owned,116125,7257.8125,0.7726471273162779,0.36081817560387525,1555.0,19588.0,5756.0,1.0,171543.0,32.0,4832.0,116125.0,2406.0,97.1875,1224.25,359.75,0.0625,10721.4375,2.0,302.0,7257.8125,150.375,0.010346318906151236,0.13033035031105492,0.0382980139059849,6.653581290129412e-06,0.00021291460128414119,0.03215010479390532,0.7726471273162779,0.016008516584051367,0.004831623363307005,0.060862918611226766,0.017884774327456672,3.107153288300325e-06,0.5330103965349027,9.94289052256104e-05,0.01501376468906717,0.36081817560387525,0.007475810811650582,2020,5620718,RO,Residential-Owned,residential_owned,5301386,0.943186617795093,143879,8992.4375,2993.0,171873.0,27789.0,1.0,83.0,110455.0,5301386.0,6138.0,0.0005324942471762504,0.03057847769626585,0.004944030282252196,1.77913213222937e-07,1.4766796697503771e-05,0.019651403966539506,0.943186617795093,0.0010920313027623872,1638.0,24903.0,7830.0,1.0,41.0,7931.0,143879.0,3149.0,102.375,1556.4375,489.375,0.0625,2.5625,495.6875,8992.4375,196.8125,1.8272283272283272,6.901698590531261,3.54904214559387,1.0,2.024390243902439,13.926995334762324,36.84614154949645,1.9491902191171802,598.3664659502978
2020,35,NM,New Mexico,59545,3721.5625,314919.6875,314198.560935,0.011817497119801379,RO,Residential-Owned,residential_owned,38585,2411.5625,0.6479973129565875,0.007657706379503504,584.0,11889.0,618.0,84.0,4979170.0,248.0,2571.0,38585.0,4966.0,36.5,743.0625,38.625,5.25,311198.125,15.5,160.6875,2411.5625,310.375,0.00980770845578974,0.19966411957343186,0.01037870518095558,0.0014106977915861953,0.004164917289444957,0.04317742883533462,0.6479973129565875,0.0833991099168696,0.00011590256642814686,0.002359530157986709,0.00012265031858321021,1.6670917088980028e-05,0.9881825028801986,4.921889807222675e-05,0.0005102491409019959,0.007657706379503504,0.000985568741236605,2020,1002898,RO,Residential-Owned,residential_owned,829607,0.8272097461556409,56692,3543.25,1247.0,137596.0,2570.0,213.0,685.0,17374.0,829607.0,13606.0,0.001243396636547286,0.13719839903958328,0.0025625736615288892,0.00021238450969091573,0.0006830206062829919,0.0173237956402346,0.8272097461556409,0.013566683750491077,673.0,16399.0,1046.0,118.0,329.0,4494.0,56692.0,7129.0,42.0625,1024.9375,65.375,7.375,20.5625,280.875,3543.25,445.5625,1.8528974739970283,8.390511616561986,2.45697896749522,1.805084745762712,2.082066869300912,3.866043613707165,14.633581457701263,1.9085425725908263,269.48304643546896
2020,36,NY,New York,533420,33338.75,126944.1875,122049.520861,0.2626252580489359,RO,Residential-Owned,residential_owned,273313,17082.0625,0.5123786134753102,0.13456356558270932,8066.0,171322.0,8281.0,3926.0,1497687.0,6312.0,51491.0,273313.0,10709.0,504.125,10707.625,517.5625,245.375,93605.4375,394.5,3218.1875,17082.0625,669.3125,0.015121292789921638,0.3211765588091935,0.015524352292752428,0.007360053991226426,0.011833077124967192,0.0965299388849312,0.5123786134753102,0.02007611263169735,0.003971233420986683,0.08434907663653367,0.004077087026926695,0.0019329360786999406,0.7373747419510641,0.0031076649334574693,0.025351200109103064,0.13456356558270932,0.005272494260519018,2020,9153467,RO,Residential-Owned,residential_owned,6220332,0.6795602147251965,505757,31609.8125,19659.0,1343937.0,29881.0,13434.0,22475.0,1484217.0,6220332.0,19532.0,0.0021477108072820933,0.1468227284809133,0.003264446138277442,0.0014676406218539927,0.00245535380200748,0.16214806914145208,0.6795602147251965,0.0021338362830171345,8943.0,203153.0,12306.0,5456.0,8232.0,81538.0,505757.0,14441.0,558.9375,12697.0625,769.125,341.0,514.5,5096.125,31609.8125,902.5625,2.1982556189198257,6.615393324243304,2.428165122704372,2.462243401759531,2.7301992225461613,18.202764355269935,12.299052707130103,1.3525379128869193,274.559394098459
2020,37,NC,North Carolina,666090,41630.625,128541.5625,125933.025759,0.32386898206562564,RO,Residential-Owned,residential_owned,515574,32223.375,0.7740305364139981,0.25068448191611176,11378.0,76961.0,7223.0,1587.0,1390575.0,4638.0,22198.0,515574.0,26531.0,711.125,4810.0625,451.4375,99.1875,86910.9375,289.875,1387.375,32223.375,1658.1875,0.01708177573601165,0.11554144334849645,0.01084387995616208,0.002382560915191641,0.006963023014907896,0.03332582684021679,0.7740305364139981,0.03983095377501539,0.005532257319495397,0.0374202896436707,0.0035119963630440543,0.0007716375783124622,0.6761310179343744,0.0022551071759377437,0.010793201615236317,0.25068448191611176,0.012900010453817223,2020,7736356,RO,Residential-Owned,residential_owned,7040403,0.910041239053632,635079,39692.4375,29512.0,388738.0,31148.0,5178.0,13337.0,170700.0,7040403.0,57340.0,0.0038147158688147235,0.050248204710331326,0.004026184937714862,0.0006693073586582623,0.0017239382468955669,0.022064651626683158,0.910041239053632,0.007411758197270136,14461.0,93848.0,10817.0,2178.0,5976.0,32709.0,635079.0,35560.0,903.8125,5865.5,676.0625,136.125,373.5,2044.3125,39692.4375,2222.5,2.0407993914667037,4.142208677862075,2.8795414625127114,2.3774104683195594,2.231760374832664,5.218747133816381,11.085869631967046,1.6124859392575928,185.83328979567327
2020,38,ND,North Dakota,15531,970.6875,183109.375,178698.456949,0.005301134909121939,RO,Residential-Owned,residential_owned,10601,662.5625,0.6825703431845985,0.0036183974741872175,306.0,2980.0,157.0,22.0,2914219.0,55.0,674.0,10601.0,736.0,19.125,186.25,9.8125,1.375,182138.6875,3.4375,42.125,662.5625,46.0,0.019702530423024917,0.19187431588436032,0.010108814628806903,0.0014165217951194386,0.0035413044877985965,0.04339707681411371,0.6825703431845985,0.04738909278217758,0.00010444577182353443,0.0010171516340984725,5.3588190118610805e-05,7.50917313763973e-06,0.994698865090878,1.8772932844099325e-05,0.00023005375885314447,0.0036183974741872175,0.00025121597405922005,2020,241735,RO,Residential-Owned,residential_owned,181961,0.7527292282871739,14034,877.125,911.0,41813.0,695.0,57.0,106.0,13594.0,181961.0,2598.0,0.0037685895712246884,0.17297040147268702,0.0028750491240407887,0.0002357953957846402,0.0004384967009328397,0.05623513351397191,0.7527292282871739,0.010747305934184128,336.0,3920.0,246.0,32.0,69.0,1114.0,14034.0,1162.0,21.0,245.0,15.375,2.0,4.3125,69.625,877.125,72.625,2.7113095238095237,10.666581632653061,2.8252032520325203,1.78125,1.536231884057971,12.202872531418313,12.965726093772266,2.2358003442340793,249.0348335586891
2020,39,OH,Ohio,556560,34785.0,106857.1875,105823.700104,0.32552793886700415,RO,Residential-Owned,residential_owned,336161,21010.0625,0.6039977720281731,0.19661814980859382,39836.0,121203.0,11111.0,1101.0,1153155.0,2774.0,23230.0,336161.0,21144.0,2489.75,7575.1875,694.4375,68.8125,72072.1875,173.375,1451.875,21010.0625,1321.5,0.07157539169182119,0.21777166882276844,0.01996370562023861,0.001978223372143165,0.004984188587034641,0.041738536725600114,0.6039977720281731,0.03799051315222079,0.023299789731037045,0.07089076249550363,0.006498743942703901,0.0006439669769522991,0.6744720611329958,0.0016224926376618325,0.013587059831609362,0.19661814980859382,0.012366973442942245,2020,8334021,RO,Residential-Owned,residential_owned,6917040,0.8299763103548695,513473,32092.0625,141553.0,859041.0,49969.0,2745.0,8893.0,307357.0,6917040.0,47423.0,0.01698495840123273,0.10307641413430564,0.005995785227803001,0.00032937282015488083,0.00106707194522308,0.03687979667917803,0.8299763103548695,0.005690290437233119,53040.0,147310.0,17169.0,1383.0,3529.0,40973.0,513473.0,30576.0,3315.0,9206.875,1073.0625,86.4375,220.5625,2560.8125,32092.0625,1911.0,2.6687971342383108,5.8315185662887785,2.9104199429203796,1.9848156182212582,2.5199773306885804,7.501452175823103,13.471088061105453,1.5509877027734171,239.58663216903838
2020,40,OK,Oklahoma,223363,13960.1875,181039.4375,177664.190465,0.07711130620365521,C,Commercial,commercial,166709,10419.3125,0.746359065736044,0.05755272245584612,2008.0,166709.0,648.0,789.0,2673268.0,784.0,3975.0,44664.0,3786.0,125.5,10419.3125,40.5,49.3125,167079.25,49.0,248.4375,2791.5,236.625,0.008989850601934966,0.746359065736044,0.002901107166361483,0.0035323665960790285,0.0035099815099188317,0.01779614349735632,0.19996149765180446,0.01694998724050089,0.0006932191224909214,0.05755272245584612,0.00022370816303491885,0.00027238540221381324,0.9228886937963448,0.0002706592589805191,0.0013722838704688309,0.015419292274369776,0.0013070356562503128,2020,2322900,RO,Residential-Owned,residential_owned,1581380,0.6807783374230488,213119,13319.9375,2665.0,669324.0,2055.0,1926.0,3334.0,45677.0,1581380.0,16539.0,0.0011472728055447932,0.28814154720392615,0.0008846700245382927,0.0008291359938008524,0.0014352748719273323,0.01966378234103922,0.6807783374230488,0.007119979336174609,2079.0,179703.0,896.0,1075.0,1066.0,6121.0,213119.0,8685.0,129.9375,11231.4375,56.0,67.1875,66.625,382.5625,13319.9375,542.8125,1.2818662818662818,3.7246122769235908,2.2935267857142856,1.7916279069767442,3.127579737335835,7.462342754451887,7.420173705770016,1.9043177892918826,166.3946132528664
2020,41,OR,Oregon,177339,11083.6875,251335.6875,248628.426864,0.04409913932338001,RO,Residential-Owned,residential_owned,125871,7866.9375,0.7097761913623061,0.03130051915130437,12555.0,17987.0,3546.0,430.0,3844032.0,985.0,6514.0,125871.0,9451.0,784.6875,1124.1875,221.625,26.875,240252.0,61.5625,407.125,7866.9375,590.6875,0.0707966098827669,0.10142721003276212,0.01999560164430836,0.0024247345479561744,0.005554333790085655,0.03673190894275935,0.7097761913623061,0.05329340979705536,0.00312206956284312,0.004472852666416503,0.0008817888227671607,0.00010692870665253219,0.95590086067662,0.00024494133965754464,0.0016198455700804526,0.03130051915130437,0.0023501935036583294,2020,2622887,RO,Residential-Owned,residential_owned,2327470,0.8873695283098357,166813,10425.8125,28853.0,129975.0,11314.0,1768.0,4684.0,90995.0,2327470.0,27828.0,0.011000473905280708,0.04955417446500745,0.004313567454488127,0.0006740664008781164,0.0017858184511951906,0.03469268786646165,0.8873695283098357,0.010609683146853066,14629.0,25725.0,5006.0,635.0,1341.0,12563.0,166813.0,13469.0,914.3125,1607.8125,312.875,39.6875,83.8125,785.1875,10425.8125,841.8125,1.972315264201244,5.052478134110787,2.2600878945265683,2.784251968503937,3.492915734526473,7.243094802196928,13.952569643852698,2.0660776598114188,236.6438967175861
2020,42,PA,Pennsylvania,472358,29522.375,117341.1875,115881.934065,0.251594309116737,RO,Residential-Owned,residential_owned,312795,19549.6875,0.6621990100728684,0.16660550243707054,23383.0,88514.0,7315.0,1803.0,1405101.0,3974.0,22608.0,312795.0,11966.0,1461.4375,5532.125,457.1875,112.6875,87818.8125,248.375,1413.0,19549.6875,747.875,0.049502707692047135,0.18738753233776076,0.015486135515858734,0.0038170201415028433,0.008413110395081696,0.04786200297232184,0.6621990100728684,0.025332480872558526,0.012454599541188383,0.04714563673560914,0.0038962235660006425,0.0009603405453860776,0.7484056908832629,0.002116690697373418,0.012041807570764528,0.16660550243707054,0.006373508023344318,2020,7447456,RO,Residential-Owned,residential_owned,6410746,0.8607967606656555,443238,27702.375,45750.0,590523.0,21336.0,5490.0,10672.0,339092.0,6410746.0,23847.0,0.006143037300253939,0.07929190853896954,0.0028648709035676077,0.0007371644760304726,0.001432972547941203,0.04553125255120675,0.8607967606656555,0.0032020330163749877,27365.0,107997.0,10658.0,2420.0,4890.0,37368.0,443238.0,15995.0,1710.3125,6749.8125,666.125,151.25,305.625,2335.5,27702.375,999.6875,1.6718435958340947,5.467957443262313,2.0018765246762995,2.268595041322314,2.1824130879345605,9.074395204453008,14.463439506540505,1.4909034073147858,252.2647991565719
2020,44,RI,Rhode Island,25296,1581.0,2842.3125,2677.759219,0.556237218813906,C,Commercial,commercial,10618,663.625,0.4197501581277672,0.2334806605536865,584.0,10618.0,1197.0,2.0,20181.0,2.0,3162.0,8563.0,1168.0,36.5,663.625,74.8125,0.125,1261.3125,0.125,197.625,535.1875,73.0,0.023086654016445288,0.4197501581277672,0.04731973434535104,7.906388361796332e-05,7.906388361796332e-05,0.125,0.3385120177103099,0.046173308032890575,0.012841656221826418,0.2334806605536865,0.02632099742727093,4.397827473228225e-05,0.4437627811860941,4.397827473228225e-05,0.06952965235173825,0.18829298326626648,0.025683312443652836,2020,674326,RO,Residential-Owned,residential_owned,426908,0.6330884468343205,23798,1487.375,1106.0,171206.0,5348.0,3.0,3.0,65718.0,426908.0,4034.0,0.0016401562449023172,0.2538920344165878,0.00793088209560361,4.448886740241367e-06,4.448886740241367e-06,0.09745731293172738,0.6330884468343205,0.005982269703377892,682.0,15363.0,1974.0,2.0,3.0,5636.0,23798.0,1875.0,42.625,960.1875,123.375,0.125,0.1875,352.25,1487.375,117.1875,1.6217008797653958,11.144047386578142,2.7092198581560285,1.5,1.0,11.660397444996452,17.93881838809984,2.151466666666667,426.5186590765338
2020,45,SC,South Carolina,286261,17891.3125,80573.5,77866.132568,0.22204958826413151,RO,Residential-Owned,residential_owned,208325,13020.3125,0.7277449600190037,0.1615954687335166,13632.0,36591.0,1436.0,553.0,1002915.0,985.0,5785.0,208325.0,18954.0,852.0,2286.9375,89.75,34.5625,62682.1875,61.5625,361.5625,13020.3125,1184.625,0.047620877450997516,0.12782390895022375,0.005016401116463647,0.0019318034940142038,0.0034409158076021532,0.020208830403023813,0.7277449600190037,0.06621230275867128,0.010574196230770662,0.028383246352709016,0.0011138898024784824,0.0004289561704530646,0.7779504117358685,0.0007640539383295997,0.0044873624702911,0.1615954687335166,0.014702414565582977,2020,3079937,RO,Residential-Owned,residential_owned,2737535,0.888828245512814,271105,16944.0625,27909.0,207308.0,3476.0,1385.0,2482.0,48466.0,2737535.0,51376.0,0.009061548986229264,0.06730916898624874,0.0011285945134592039,0.00044968452276783586,0.0008058606393572336,0.015736036159181177,0.888828245512814,0.01668086067994248,15294.0,44689.0,2098.0,740.0,1285.0,9163.0,271105.0,25270.0,955.875,2793.0625,131.125,46.25,80.3125,572.6875,16944.0625,1579.375,1.8248332679482149,4.638904428382824,1.6568160152526215,1.8716216216216217,1.9315175097276265,5.289315726290516,10.09769277586175,2.0330827067669173,172.14706858426402
2020,46,SD,South Dakota,45432,2839.5,199727.6875,196345.992286,0.014216857139549068,RO,Residential-Owned,residential_owned,31942,1996.375,0.7030727240711393,0.009995484476832989,449.0,10176.0,125.0,138.0,3150211.0,137.0,657.0,31942.0,1808.0,28.0625,636.0,7.8125,8.625,196888.1875,8.5625,41.0625,1996.375,113.0,0.009882901919351999,0.22398309561542526,0.0027513646768797325,0.0030375066032752246,0.0030154956858601868,0.014461172741679873,0.7030727240711393,0.03979573868638845,0.00014050380471160263,0.00318433567203846,3.911575855000073e-05,4.318379743920081e-05,0.9857831428604509,4.2870871370800806e-05,0.00020559242693880386,0.009995484476832989,0.0005657703316672107,2020,460147,RO,Residential-Owned,residential_owned,396314,0.8612769397605547,42609,2663.0625,590.0,46786.0,328.0,301.0,463.0,7811.0,396314.0,7554.0,0.001282198949466149,0.10167620347410719,0.0007128156871608421,0.0006541387860835776,0.0010062001925471643,0.01697501015979676,0.8612769397605547,0.01641649299028354,461.0,11853.0,205.0,181.0,172.0,1262.0,42609.0,3373.0,28.8125,740.8125,12.8125,11.3125,10.75,78.875,2663.0625,210.8125,1.2798264642082429,3.9471863663207625,1.6,1.6629834254143647,2.691860465116279,6.189381933438986,9.301180501771926,2.239549362585236,162.0521218524388
2020,47,TN,Tennessee,456193,28512.0625,109112.375,106791.646253,0.26130915489650003,C,Commercial,commercial,260513,16282.0625,0.5710587404892228,0.14922287687349853,6347.0,260513.0,1049.0,1130.0,1289605.0,1010.0,14441.0,165554.0,6149.0,396.6875,16282.0625,65.5625,70.625,80600.3125,63.125,902.5625,10347.125,384.3125,0.01391297104514975,0.5710587404892228,0.0022994653578638866,0.0024770217868314505,0.0022139752253980223,0.03165546161383449,0.36290342026291506,0.013478944218784593,0.0036355867059075565,0.14922287687349853,0.0006008713493771903,0.0006472684697771449,0.7386908451034999,0.0005785319951105455,0.00827186192216969,0.09482998605795172,0.0035221715227076672,2020,4390439,RO,Residential-Owned,residential_owned,3142044,0.7156559970426648,440513,27532.0625,8691.0,1127054.0,5987.0,2972.0,4039.0,88268.0,3142044.0,11384.0,0.001979528698610777,0.2567064478062444,0.0013636449566888414,0.000676925473739642,0.0009199535627302873,0.020104595463004953,0.7156559970426648,0.0025929069963163136,6702.0,284045.0,1669.0,1390.0,1380.0,20001.0,440513.0,7752.0,418.875,17752.8125,104.3125,86.875,86.25,1250.0625,27532.0625,484.5,1.2967770814682185,3.9678712880001408,3.5871779508687838,2.1381294964028776,2.9268115942028987,4.413179341032948,7.132693019275254,1.4685242518059856,153.98531761776266
2020,48,TX,Texas,933071,58316.9375,687683.875,676680.588914,0.08480195569512226,RO,Residential-Owned,residential_owned,582074,36379.625,0.6238260539658825,0.052901669389877726,93445.0,193293.0,5798.0,1984.0,10069871.0,2147.0,29029.0,582074.0,25301.0,5840.3125,12080.8125,362.375,124.0,629366.9375,134.1875,1814.3125,36379.625,1581.3125,0.10014779153997927,0.20715786901532682,0.0062138894039146,0.0021263119312463895,0.002301003889307459,0.031111244481931172,0.6238260539658825,0.027115835772411747,0.008492728581137664,0.017567392430133687,0.0005269499739251557,0.0001803154101875662,0.9151980443048777,0.00019512962987535516,0.0026382943761768442,0.052901669389877726,0.002299475903808272,2020,15423267,RO,Residential-Owned,residential_owned,12726010,0.8251176615174982,829687,51855.4375,197181.0,2053097.0,21156.0,8498.0,5462.0,335809.0,12726010.0,76054.0,0.012784645432125373,0.1331168681706671,0.001371693818177433,0.0005509857282507007,0.00035414027391213545,0.021772883786554433,0.8251176615174982,0.004931121272814638,107385.0,244030.0,8527.0,3134.0,2815.0,45599.0,829687.0,35525.0,6711.5625,15251.875,532.9375,195.875,175.9375,2849.9375,51855.4375,2220.3125,1.8362061740466546,8.413297545383765,2.481060161838865,2.711550733886407,1.9403197158081704,7.364393956007807,15.33832638091232,2.1408585503166786,264.4731987169251
2020,49,UT,Utah,59942,3746.375,219889.375,213355.058738,0.017037544447065713,C,Commercial,commercial,27767,1735.4375,0.46323112341930534,0.007892320854520596,800.0,27767.0,1351.0,313.0,3458288.0,228.0,3788.0,23806.0,1889.0,50.0,1735.4375,84.4375,19.5625,216143.0,14.25,236.75,1487.875,118.0625,0.013346234693537086,0.46323112341930534,0.022538453838710754,0.005221714323846385,0.0038036768876580696,0.0631944212738981,0.3971505788929298,0.03151379667011445,0.00022738706679210853,0.007892320854520596,0.0003839999090451733,8.896518988241246e-05,0.9829624555529343,6.480531403575094e-05,0.0010766777612606338,0.0067664706400661695,0.0005369177114628663,2020,1506771,RO,Residential-Owned,residential_owned,951600,0.6315491869700174,55545,3471.5625,1644.0,511293.0,3091.0,957.0,1051.0,28829.0,951600.0,8306.0,0.0010910748879557678,0.33933026319195153,0.002051406617196641,0.0006351330095946896,0.0006975180700982432,0.01913296711975476,0.6315491869700174,0.005512450133431026,924.0,34856.0,1877.0,462.0,492.0,5705.0,55545.0,3278.0,57.75,2178.5,117.3125,28.875,30.75,356.5625,3471.5625,204.875,1.7792207792207793,14.668722745008033,1.6467767714437933,2.0714285714285716,2.136178861788618,5.053286590709903,17.13205509046719,2.533862111043319,402.19438790831134
2020,50,VT,Vermont,12215,763.4375,24901.875,23873.081385,0.030657831990562958,RO,Residential-Owned,residential_owned,9677,604.8125,0.7922226770364306,0.024287829731696912,187.0,1316.0,30.0,24.0,386215.0,47.0,732.0,9677.0,202.0,11.6875,82.25,1.875,1.5,24138.4375,2.9375,45.75,604.8125,12.625,0.015309046254604993,0.10773638968481375,0.0024559967253376994,0.0019647973802701594,0.0038477282030290627,0.059926320098239866,0.7922226770364306,0.016537044617273844,0.000469342168009437,0.0033029641342268404,7.529553497477599e-05,6.02364279798208e-05,0.9693421680094371,0.00011796300479381573,0.0018372110533845343,0.024287829731696912,0.0005069899354968251,2020,132399,RO,Residential-Owned,residential_owned,116278,0.8782392616258431,11732,733.25,662.0,6757.0,110.0,70.0,116.0,7950.0,116278.0,456.0,0.005000037764635684,0.05103512866411378,0.0008308219850603102,0.0005287048995838337,0.0008761395478817816,0.06004577073844969,0.8782392616258431,0.003444134774431831,271.0,1638.0,49.0,35.0,67.0,1124.0,11732.0,285.0,16.9375,102.375,3.0625,2.1875,4.1875,70.25,733.25,17.8125,2.4428044280442807,4.125152625152626,2.2448979591836733,2.0,1.7313432835820894,7.072953736654804,9.911183088987386,1.6,173.4248055669259
2020,51,VA,Virginia,408434,25527.125,104804.4375,102258.180558,0.2435691236833364,RO,Residential-Owned,residential_owned,323395,20212.1875,0.7917925539989326,0.1928562185165108,17749.0,42053.0,5016.0,817.0,1268437.0,1888.0,8562.0,323395.0,8954.0,1109.3125,2628.3125,313.5,51.0625,79277.3125,118.0,535.125,20212.1875,559.625,0.04345622548563538,0.10296155560017041,0.012281053976897124,0.002000323185630971,0.004622533873281852,0.020962995245253822,0.7917925539989326,0.021922758634197938,0.010584594760121678,0.025078255870606622,0.0029912855550605862,0.00048721696540759545,0.7564308763166636,0.0011259065247117995,0.005105938381664421,0.1928562185165108,0.005339707109252888,2020,5693485,RO,Residential-Owned,residential_owned,5233686,0.9192412028836469,384669,24041.8125,43056.0,269807.0,17704.0,2674.0,4910.0,101806.0,5233686.0,19842.0,0.0075623278185505015,0.0473887258858151,0.0031095190379881567,0.0004696596197232451,0.0008623892045030416,0.01788113958322539,0.9192412028836469,0.0034850359665477295,20700.0,52292.0,6709.0,1020.0,2170.0,12949.0,384669.0,13828.0,1293.75,3268.25,419.3125,63.75,135.625,809.3125,24041.8125,864.25,2.08,5.159622886866059,2.6388433447607693,2.6215686274509804,2.262672811059908,7.862074291451077,13.605686967236768,1.434914665895285,223.03667177561124
2020,53,WA,Washington,272830,17051.875,175329.5625,172117.960159,0.09725613157792486,RO,Residential-Owned,residential_owned,188998,11812.375,0.6927317377121285,0.0673724090311353,9043.0,40056.0,4255.0,1543.0,2532443.0,2719.0,12379.0,188998.0,13837.0,565.1875,2503.5,265.9375,96.4375,158277.6875,169.9375,773.6875,11812.375,864.8125,0.03314518198145365,0.14681669904336034,0.015595792251585236,0.005655536414617161,0.009965912839497123,0.045372576329582526,0.6927317377121285,0.050716563427775536,0.0032235721799625206,0.014278824199997648,0.0015167864232821548,0.0005500355936837519,0.9027438684220751,0.0009692461304122629,0.0044127612535393166,0.0673724090311353,0.004932496765911909,2020,5612468,RO,Residential-Owned,residential_owned,4919380,0.8765092290949364,256480,16030.0,26756.0,411292.0,15624.0,6055.0,14292.0,180679.0,4919380.0,38390.0,0.004767243216353305,0.07328184321050918,0.002783802063548514,0.0010788480219397242,0.0025464733161952996,0.03219243299026382,0.8765092290949364,0.006840128086253677,10780.0,51722.0,6488.0,2287.0,3728.0,20838.0,256480.0,19677.0,673.75,3232.625,405.5,142.9375,233.0,1302.375,16030.0,1229.8125,2.4820037105751394,7.95197401492595,2.408138101109741,2.6475732400524703,3.8336909871244633,8.670649774450522,19.18036494073612,1.951008791990649,329.14081296045157
2020,54,WV,West Virginia,139613,8725.8125,62755.25,62266.296765,0.13904513964967075,RO,Residential-Owned,residential_owned,107522,6720.125,0.7701431815088853,0.10708466622314468,11986.0,11638.0,73.0,24.0,864471.0,74.0,4097.0,107522.0,4199.0,749.125,727.375,4.5625,1.5,54029.4375,4.625,256.0625,6720.125,262.4375,0.08585160407698424,0.08335899952010199,0.0005228739444034581,0.00017190376254360267,0.0005300366011761082,0.029345404797547506,0.7701431815088853,0.030075995788357818,0.011937248278032515,0.011590663729329419,7.270308061875302e-05,2.3902382669179072e-05,0.8609548603503293,7.369901322996881e-05,0.004080335908151111,0.10708466622314468,0.004181921034495122,2020,1089959,RO,Residential-Owned,residential_owned,1019197,0.9350782919357518,137633,8602.0625,14483.0,24175.0,217.0,52.0,180.0,22823.0,1019197.0,8832.0,0.013287655774208021,0.022179733366117442,0.0001990900575159249,4.770821654759491e-05,0.00016514382651090545,0.020939319735879973,0.9350782919357518,0.008103057087468427,12178.0,13508.0,131.0,29.0,94.0,6196.0,137633.0,6276.0,761.125,844.25,8.1875,1.8125,5.875,387.25,8602.0625,392.25,1.1892757431433734,1.789680189517323,1.6564885496183206,1.793103448275862,1.9148936170212767,3.683505487411233,7.405178990503731,1.407265774378585,124.91203541217509
2020,55,WI,Wisconsin,45389,2836.8125,145339.375,140292.246684,0.01951854065699677,RO,Residential-Owned,residential_owned,29195,1824.6875,0.6432175196633546,0.012554667308841805,1044.0,9268.0,689.0,231.0,2280041.0,178.0,3635.0,29195.0,1149.0,65.25,579.25,43.0625,14.4375,142502.5625,11.125,227.1875,1824.6875,71.8125,0.02300116768380004,0.20419044261825553,0.015179889400515543,0.00508933882658794,0.003921655026548282,0.08008548326687083,0.6432175196633546,0.025314503514067284,0.00044894922659465133,0.003985499456014586,0.000296289288432677,9.933646680398894e-05,0.9804814593430032,7.654498307839841e-05,0.0015631517611796528,0.012554667308841805,0.0004941021660510099,2020,1546382,RO,Residential-Owned,residential_owned,1282367,0.8292692232579013,40104,2506.5,3502.0,95327.0,1708.0,810.0,812.0,158619.0,1282367.0,3237.0,0.002264640949002252,0.0616451821089485,0.0011045136324659753,0.0005238033034528338,0.0005250966449428407,0.10257426690170993,0.8292692232579013,0.0020932732015763247,1181.0,11894.0,870.0,324.0,252.0,7264.0,40104.0,1447.0,73.8125,743.375,54.375,20.25,15.75,454.0,2506.5,90.4375,2.9652836579170194,8.014713300823946,1.9632183908045977,2.5,3.2222222222222223,21.836316079295155,31.97603730301217,2.2370421561852107,545.1125162484302
2020,56,WY,Wyoming,60615,3788.4375,253325.125,251458.712277,0.014954843109225744,RO,Residential-Owned,residential_owned,48396,3024.75,0.7984162336055431,0.011940189509429829,678.0,8872.0,61.0,204.0,3992587.0,325.0,1292.0,48396.0,787.0,42.375,554.5,3.8125,12.75,249536.6875,20.3125,80.75,3024.75,49.1875,0.011185350160851275,0.14636641095438424,0.0010063515631444362,0.0033655035882207375,0.005361709147900685,0.021314856058731336,0.7984162336055431,0.012983584921224119,0.00016727515677728374,0.0021888867122832763,1.5049829739549127e-05,5.0330578145377405e-05,0.9850451568907742,8.018351910415518e-05,0.00031876032825405693,0.011940189509429829,0.00019416747549221578,2020,502917,RO,Residential-Owned,residential_owned,432486,0.8599550223993223,58462,3653.875,1186.0,52739.0,171.0,622.0,1615.0,12443.0,432486.0,1655.0,0.0023582420160782,0.10486621052778093,0.0003400163446453391,0.0012367845986514673,0.0032112654772059805,0.02474165717205821,0.8599550223993223,0.0032908014642575216,749.0,10944.0,103.0,287.0,454.0,2155.0,58462.0,1147.0,46.8125,684.0,6.4375,17.9375,28.375,134.6875,3653.875,71.6875,1.583444592790387,4.818987573099415,1.6601941747572815,2.167247386759582,3.55726872246696,5.774013921113689,7.397728438986008,1.4428945074106365,132.7505073001732
