year,state_abbr,state_name,acres_cropland_idled,acres_cropland_used_for_crops,acres_cropland_used_for_pasture,acres_defense_industrial,acres_farmsteads_roads_misc_farmland,acres_forest_use_land,acres_grassland_pasture_range,acres_grazed_forest_use_land,acres_miscellaneous_other_land,acres_rural_parks_wildlife,acres_rural_transportation,acres_special_uses_land,acres_total_cropland,acres_total_land,acres_ungrazed_forest_use_land,acres_urban_areas,blocks_250k_cropland_idled,blocks_250k_cropland_used_for_crops,blocks_250k_cropland_used_for_pasture,blocks_250k_defense_industrial,blocks_250k_farmsteads_roads_misc_farmland,blocks_250k_forest_use_land,blocks_250k_grassland_pasture_range,blocks_250k_grazed_forest_use_land,blocks_250k_miscellaneous_other_land,blocks_250k_rural_parks_wildlife,blocks_250k_rural_transportation,blocks_250k_special_uses_land,blocks_250k_total_cropland,blocks_250k_total_land,blocks_250k_ungrazed_forest_use_land,blocks_250k_urban_areas,share_of_total_land_total_cropland,share_of_total_land_cropland_used_for_crops,share_of_total_land_cropland_used_for_pasture,share_of_total_land_cropland_idled,share_of_total_land_grassland_pasture_range,share_of_total_land_forest_use_land,share_of_total_land_grazed_forest_use_land,share_of_total_land_ungrazed_forest_use_land,share_of_total_land_special_uses_land,share_of_total_land_rural_transportation,share_of_total_land_rural_parks_wildlife,share_of_total_land_defense_industrial,share_of_total_land_farmsteads_roads_misc_farmland,share_of_total_land_urban_areas,share_of_total_land_miscellaneous_other_land
2012,AL,Alabama,415000.0,2231000.0,161000.0,158000.0,137000.0,22800000.0,2892000.0,599000.0,975000.0,548000.0,629000.0,1472000.0,2806000.0,32413000.0,22201000.0,1467000.0,1.66,8.924,0.644,0.632,0.548,91.2,11.568,2.396,3.9,2.192,2.516,5.888,11.224,129.652,88.804,5.868,0.08657020331348533,0.06883040755252522,0.00496714281306883,0.01280350476660599,0.08922345972295066,0.7034214666954617,0.018480239410113227,0.6849412272853485,0.04541387714805788,0.019405793971554623,0.016906796655662852,0.004874587356924691,0.004226699163915713,0.045259618054484314,0.030080523246845403
2012,AR,Arkansas,585000.0,7466000.0,184000.0,85000.0,175000.0,18544000.0,4127000.0,2005000.0,157000.0,741000.0,513000.0,1514000.0,8235000.0,33302000.0,16539000.0,727000.0,2.34,29.864,0.736,0.34,0.7,74.176,16.508,8.02,0.628,2.964,2.052,6.056,32.94,133.208,66.156,2.908,0.24728244549876885,0.22419073929493724,0.005525193682061138,0.017566512521770463,0.12392649090144736,0.5568434328268572,0.06020659419854663,0.4966368386283106,0.04546273497087262,0.015404480211398714,0.022250915860909253,0.002552399255299982,0.005254939643264669,0.02183052068944808,0.0047144315656717315
2012,AZ,Arizona,142000.0,908000.0,84000.0,3593000.0,87000.0,13000000.0,43580000.0,12687000.0,1602000.0,7704000.0,535000.0,11919000.0,1134000.0,72700000.0,313000.0,1465000.0,0.568,3.632,0.336,14.372,0.348,52.0,174.32,50.748,6.408,30.816,2.14,47.676,4.536,290.8,1.252,5.86,0.015598349381017881,0.012489683631361761,0.001155433287482806,0.001953232462173315,0.5994497936726272,0.17881705639614856,0.17451169188445667,0.004305364511691884,0.1639477303988996,0.007359009628610729,0.1059697386519945,0.049422283356258596,0.0011966987620357634,0.02015130674002751,0.02203576341127923
2012,CA,California,780000.0,8316000.0,481000.0,3935000.0,275000.0,16991000.0,26667000.0,13409000.0,16269000.0,19623000.0,1062000.0,24896000.0,9577000.0,99699000.0,3582000.0,5299000.0,3.12,33.264,1.924,15.74,1.1,67.964,106.668,53.636,65.076,78.492,4.248,99.584,38.308,398.796,14.328,21.196,0.09605913800539624,0.08341106731261096,0.004824521810650057,0.007823548882135227,0.267475100051154,0.17042297314917904,0.13449482943660418,0.03592814371257485,0.2497116320123572,0.010652062708753348,0.19682243553094816,0.03946880109128477,0.002758302490496394,0.053149981444146885,0.1631811753377667
2012,CO,Colorado,2218000.0,8013000.0,437000.0,470000.0,129000.0,15138000.0,31734000.0,9972000.0,323000.0,6185000.0,672000.0,7455000.0,10668000.0,66331000.0,5166000.0,1012000.0,8.872,32.052,1.748,1.88,0.516,60.552,126.936,39.888,1.292,24.74,2.688,29.82,42.672,265.324,20.664,4.048,0.16082977793188705,0.12080324433522788,0.006588171443216596,0.033438362153442584,0.478418838853628,0.22821908308332453,0.1503369465257572,0.07788213655756736,0.11239088812169272,0.010131009633504696,0.09324448598694426,0.007085676380576202,0.0019447920278602765,0.015256818079027906,0.004869518023247049
2012,CT,Connecticut,9000.0,104000.0,9000.0,2000.0,26000.0,1346000.0,22000.0,21000.0,90000.0,248000.0,65000.0,340000.0,123000.0,3099000.0,1325000.0,1178000.0,0.036,0.416,0.036,0.008,0.104,5.384,0.088,0.084,0.36,0.992,0.26,1.36,0.492,12.396,5.3,4.712,0.03969022265246854,0.03355921264924169,0.002904162633107454,0.002904162633107454,0.007099064214262665,0.43433365601807034,0.006776379477250726,0.4275572765408196,0.10971281058405938,0.020974507905776058,0.08002581477896095,0.0006453694740238787,0.008389803162310423,0.38012262020006454,0.02904162633107454
2012,DE,Delaware,11000.0,420000.0,7000.0,4000.0,7000.0,331000.0,18000.0,3000.0,44000.0,111000.0,20000.0,143000.0,438000.0,1247000.0,328000.0,274000.0,0.044,1.68,0.028,0.016,0.028,1.324,0.072,0.012,0.176,0.444,0.08,0.572,1.752,4.988,1.312,1.096,0.351242983159583,0.3368083400160385,0.0056134723336006415,0.008821170809943865,0.014434643143544507,0.2654370489174018,0.0024057738572574178,0.26303127506014434,0.11467522052927025,0.01603849238171612,0.08901363271852446,0.0032076984763432237,0.0056134723336006415,0.21972734562951082,0.03528468323977546
2012,FL,Florida,452000.0,2122000.0,260000.0,664000.0,141000.0,15827000.0,5100000.0,1376000.0,520000.0,3920000.0,413000.0,5138000.0,2834000.0,34320000.0,14451000.0,4901000.0,1.808,8.488,1.04,2.656,0.564,63.308,20.4,5.504,2.08,15.68,1.652,20.552,11.336,137.28,57.804,19.604,0.08257575757575758,0.06182983682983683,0.007575757575757576,0.01317016317016317,0.1486013986013986,0.46115967365967364,0.04009324009324009,0.4210664335664336,0.1497086247086247,0.012033799533799534,0.11421911421911422,0.01934731934731935,0.004108391608391608,0.1428030303030303,0.015151515151515152
2012,GA,Georgia,457000.0,3799000.0,129000.0,553000.0,125000.0,24352000.0,1680000.0,371000.0,1238000.0,747000.0,521000.0,1946000.0,4385000.0,36808000.0,23981000.0,3207000.0,1.828,15.196,0.516,2.212,0.5,97.408,6.72,1.484,4.952,2.988,2.084,7.784,17.54,147.232,95.924,12.828,0.11913171049771788,0.10321125842208216,0.0035046728971962616,0.01241577917843947,0.04564225168441643,0.6615953053683982,0.010079330580308628,0.6515159747880895,0.052868941534449036,0.014154531623560096,0.020294501195392306,0.01502390784612041,0.0033960008693762226,0.08712779830471637,0.03363399261030211
2012,IA,Iowa,1738000.0,24750000.0,225000.0,51000.0,423000.0,2968000.0,2879000.0,878000.0,606000.0,510000.0,970000.0,1953000.0,26714000.0,35748000.0,2090000.0,628000.0,6.952,99.0,0.9,0.204,1.692,11.872,11.516,3.512,2.424,2.04,3.88,7.812,106.856,142.992,8.36,2.512,0.7472865614859573,0.6923464249748238,0.0062940584088620345,0.04861810450934318,0.08053597404050576,0.0830256238111223,0.024560814591026072,0.05846480922009623,0.054632426988922456,0.027134385140427437,0.01426653239342061,0.001426653239342061,0.011832829808660624,0.017567416358957144,0.01695199731453508
2012,ID,Idaho,789000.0,4790000.0,221000.0,686000.0,91000.0,16771000.0,18391000.0,10000000.0,5056000.0,5358000.0,406000.0,6542000.0,5801000.0,52892000.0,6771000.0,331000.0,3.156,19.16,0.884,2.744,0.364,67.084,73.564,40.0,20.224,21.432,1.624,26.168,23.204,211.568,27.084,1.324,0.10967632156091658,0.09056189972018452,0.004178325644709975,0.014917189745141042,0.3477085381532179,0.3170800877259321,0.18906450881040612,0.12801557891552598,0.12368600166376768,0.007676019057702488,0.10130076382061559,0.01296982530439386,0.0017204870301746956,0.006258035241624442,0.09559101565454133
2012,IL,Illinois,1175000.0,22672000.0,88000.0,30000.0,318000.0,4772000.0,1728000.0,468000.0,256000.0,893000.0,1027000.0,2268000.0,23934000.0,35532000.0,4305000.0,2573000.0,4.7,90.688,0.352,0.12,1.272,19.088,6.912,1.872,1.024,3.572,4.108,9.072,95.736,142.128,17.22,10.292,0.6735900033772374,0.6380727231791061,0.002476640774513115,0.03306878306878307,0.0486322188449848,0.13430147472700665,0.013171225937183385,0.12115839243498817,0.06382978723404255,0.02890352358437465,0.02513227513227513,0.0008443093549476528,0.00894967916244512,0.07241359900934369,0.00720477316221997
2012,IN,Indiana,414000.0,12216000.0,80000.0,158000.0,242000.0,4748000.0,1656000.0,220000.0,937000.0,372000.0,449000.0,1220000.0,12710000.0,22929000.0,4528000.0,1657000.0,1.656,48.864,0.32,0.632,0.968,18.992,6.624,0.88,3.748,1.488,1.796,4.88,50.84,91.716,18.112,6.628,0.5543198569497143,0.5327750883161062,0.003489031357669327,0.018055737275938767,0.07222294910375507,0.20707401107767456,0.00959483623359065,0.19747917484408392,0.05320772820445724,0.0195821884949191,0.016223995813162372,0.0068908369313969205,0.010554319856949714,0.07226656199572594,0.04086527977670199
2012,KS,Kansas,2598000.0,25545000.0,449000.0,158000.0,318000.0,2402000.0,17781000.0,1008000.0,891000.0,335000.0,1212000.0,2023000.0,28592000.0,52326000.0,1394000.0,637000.0,10.392,102.18,1.796,0.632,1.272,9.608,71.124,4.032,3.564,1.34,4.848,8.092,114.368,209.304,5.576,2.548,0.5464205175247487,0.4881894278179108,0.00858082024232695,0.04965026946451095,0.3398119481710813,0.04590452165271567,0.019263845889232887,0.02664067576348278,0.03866146848602989,0.023162481366815733,0.006402171004854184,0.003019531399304361,0.006077284715055613,0.012173680388334671,0.017027863777089782
2012,KY,Kentucky,641000.0,5400000.0,328000.0,167000.0,233000.0,11886000.0,4742000.0,715000.0,109000.0,307000.0,530000.0,1237000.0,6369000.0,25271000.0,11171000.0,928000.0,2.564,21.6,1.312,0.668,0.932,47.544,18.968,2.86,0.436,1.228,2.12,4.948,25.476,101.084,44.684,3.712,0.25202801630327254,0.2136836690277393,0.012979304340944166,0.025365042934589056,0.18764591824621107,0.4703414981599462,0.028293300621265484,0.4420481975386807,0.04894938862728028,0.020972656404574415,0.01214831229472518,0.0066083653199319374,0.009220054608048752,0.0367219342329152,0.0043132444303747375
2012,LA,Louisiana,869000.0,3497000.0,218000.0,228000.0,125000.0,14645000.0,2275000.0,865000.0,2825000.0,1276000.0,393000.0,2022000.0,4585000.0,27651000.0,13780000.0,1299000.0,3.476,13.988,0.872,0.912,0.5,58.58,9.1,3.46,11.3,5.104,1.572,8.088,18.34,110.604,55.12,5.196,0.1658167878196087,0.12646920545369064,0.007883982496112257,0.03142743481248418,0.08227550540667607,0.5296372644750642,0.03128277458319771,0.4983544898918665,0.07312574590430726,0.014212867527395031,0.04614661314238183,0.008245633069328415,0.0045206321652019816,0.046978409460779,0.10216628693356479
2012,MA,Massachusetts,14000.0,130000.0,5000.0,30000.0,31000.0,2088000.0,79000.0,18000.0,16000.0,608000.0,58000.0,726000.0,148000.0,4992000.0,2070000.0,1935000.0,0.056,0.52,0.02,0.12,0.124,8.352,0.316,0.072,0.064,2.432,0.232,2.904,0.592,19.968,8.28,7.74,0.029647435897435896,0.026041666666666668,0.001001602564102564,0.0028044871794871795,0.015825320512820512,0.4182692307692308,0.003605769230769231,0.41466346153846156,0.14543269230769232,0.011618589743589744,0.12179487179487179,0.006009615384615385,0.006209935897435897,0.3876201923076923,0.003205128205128205
2012,MD,Maryland,108000.0,1254000.0,15000.0,102000.0,34000.0,2329000.0,447000.0,25000.0,183000.0,350000.0,81000.0,567000.0,1377000.0,6212000.0,2304000.0,1309000.0,0.432,5.016,0.06,0.408,0.136,9.316,1.788,0.1,0.732,1.4,0.324,2.268,5.508,24.848,9.216,5.236,0.2216677398583387,0.20186735350933677,0.0024146812620734065,0.017385705086928525,0.0719575016097875,0.37491951062459755,0.004024468770122344,0.3708950418544752,0.09127495170637476,0.013039278815196394,0.05634256278171281,0.016419832582099163,0.005473277527366388,0.21072118480360594,0.029459111397295557
2012,ME,Maine,55000.0,328000.0,8000.0,21000.0,34000.0,17191000.0,159000.0,48000.0,1159000.0,356000.0,198000.0,609000.0,390000.0,19740000.0,17143000.0,231000.0,0.22,1.312,0.032,0.084,0.136,68.764,0.636,0.192,4.636,1.424,0.792,2.436,1.56,78.96,68.572,0.924,0.019756838905775075,0.016616008105369808,0.0004052684903748733,0.002786220871327254,0.008054711246200608,0.8708713272543059,0.0024316109422492403,0.8684397163120567,0.030851063829787233,0.010030395136778116,0.018034447821681863,0.0010638297872340426,0.0017223910840932118,0.011702127659574468,0.058713272543059775
2012,MI,Michigan,483000.0,7192000.0,91000.0,13000.0,226000.0,19262000.0,1982000.0,110000.0,2112000.0,1613000.0,855000.0,2707000.0,7766000.0,36185000.0,19152000.0,2355000.0,1.932,28.768,0.364,0.052,0.904,77.048,7.928,0.44,8.448,6.452,3.42,10.828,31.064,144.74,76.608,9.42,0.21461931739671133,0.19875639076965593,0.002514854221362443,0.013348072405692966,0.054774077656487494,0.5323200221086085,0.0030399336741743816,0.5292800884344342,0.0748100041453641,0.023628575376537238,0.04457648196766616,0.0003592648887660633,0.0062456819123946385,0.06508221638800608,0.05836672654414813
2012,MN,Minnesota,1887000.0,20394000.0,171000.0,3000.0,377000.0,15929000.0,3568000.0,870000.0,2955000.0,3298000.0,1262000.0,4941000.0,22452000.0,50961000.0,15059000.0,1116000.0,7.548,81.576,0.684,0.012,1.508,63.716,14.272,3.48,11.82,13.192,5.048,19.764,89.808,203.844,60.236,4.464,0.4405722022723259,0.4001883793489139,0.003355507152528404,0.03702831577088362,0.07001432467965699,0.31257235925511667,0.01707187849531995,0.2955004807597967,0.0969564961441102,0.024764035242636526,0.06471615549145425,5.8868546535586034e-05,0.007397814014638645,0.021899099311238006,0.05798551833755224
2012,MO,Missouri,1591000.0,13455000.0,580000.0,82000.0,470000.0,15085000.0,9792000.0,3419000.0,81000.0,759000.0,755000.0,2066000.0,15627000.0,43995000.0,11666000.0,1345000.0,6.364,53.82,2.32,0.328,1.88,60.34,39.168,13.676,0.324,3.036,3.02,8.264,62.508,175.98,46.664,5.38,0.355199454483464,0.30583020797817934,0.013183316285941585,0.03616320036367769,0.2225707466757586,0.3428798727128083,0.0777133765200591,0.2651664961927492,0.04695988180475054,0.017161041027389475,0.017251960450051142,0.001863848164564155,0.010683032162745767,0.030571655869985226,0.0018411183088987385
2012,MS,Mississippi,638000.0,4372000.0,163000.0,168000.0,128000.0,19495000.0,2715000.0,504000.0,884000.0,315000.0,422000.0,1033000.0,5174000.0,30031000.0,18991000.0,730000.0,2.552,17.488,0.652,0.672,0.512,77.98,10.86,2.016,3.536,1.26,1.688,4.132,20.696,120.124,75.964,2.92,0.172288635077087,0.14558289767240518,0.005427724684492691,0.021244713795744396,0.09040657986747028,0.6491625320502148,0.01678265792014918,0.6323798741300656,0.03439778895141687,0.014052146115680463,0.010489161200093237,0.005594219306716393,0.004262262328926776,0.024308214844660517,0.029436249209150545
2012,MT,Montana,3181000.0,12522000.0,902000.0,30000.0,116000.0,18429000.0,47629000.0,8305000.0,3231000.0,6065000.0,850000.0,7061000.0,16605000.0,93149000.0,10124000.0,195000.0,12.724,50.088,3.608,0.12,0.464,73.716,190.516,33.22,12.924,24.26,3.4,28.244,66.42,372.596,40.496,0.78,0.17826278328269762,0.13442978453874974,0.009683410449924315,0.03414958829402356,0.5113205724162364,0.19784431394861995,0.08915823036210802,0.10868608358651194,0.07580328291232327,0.00912516505813267,0.06511073656185251,0.0003220646491105648,0.0012453166432275173,0.0020934202192186713,0.03468636270920783
2012,NC,North Carolina,294000.0,4085000.0,95000.0,454000.0,151000.0,18078000.0,1579000.0,270000.0,1141000.0,1575000.0,578000.0,2759000.0,4473000.0,31116000.0,17808000.0,3086000.0,1.176,16.34,0.38,1.816,0.604,72.312,6.316,1.08,4.564,6.3,2.312,11.036,17.892,124.464,71.232,12.344,0.1437524103355187,0.13128294125208895,0.0030530916570253247,0.009448515233320479,0.0507455971204525,0.5809872734284612,0.008677207867335134,0.5723100655611261,0.08866820928139864,0.018575652397480397,0.05061704589278827,0.014590564339889447,0.004852808844324463,0.09917727214294897,0.03666923769121995
2012,ND,North Dakota,2718000.0,24081000.0,322000.0,13000.0,205000.0,517000.0,13336000.0,229000.0,1368000.0,552000.0,927000.0,1697000.0,27120000.0,44161000.0,288000.0,123000.0,10.872,96.324,1.288,0.052,0.82,2.068,53.344,0.916,5.472,2.208,3.708,6.788,108.48,176.644,1.152,0.492,0.6141165281583297,0.5453001517175788,0.007291501551142411,0.06154751930436358,0.30198591517402235,0.011707162428387038,0.0051855709789180495,0.006521591449468988,0.03842757183940581,0.020991372477978307,0.012499716944815562,0.00029437739181630853,0.004642105024795634,0.0027852630148773806,0.030977559384977694
2012,NE,Nebraska,1090000.0,20442000.0,326000.0,9000.0,252000.0,1470000.0,23677000.0,748000.0,258000.0,394000.0,907000.0,1562000.0,21857000.0,49167000.0,722000.0,344000.0,4.36,81.768,1.304,0.036,1.008,5.88,94.708,2.992,1.032,1.576,3.628,6.248,87.428,196.668,2.888,1.376,0.4445461386702463,0.4157666727683202,0.006630463522281205,0.022169341224805256,0.481562836862123,0.029898102385746538,0.015213456179958102,0.014684646205788436,0.03176927614050074,0.018447332560457216,0.008013504993186487,0.00018304960644334616,0.005125388980413692,0.0069965627351678975,0.0052474220513759225
2012,NH,New Hampshire,18000.0,73000.0,2000.0,3000.0,17000.0,4341000.0,116000.0,12000.0,151000.0,499000.0,86000.0,605000.0,93000.0,5730000.0,4329000.0,423000.0,0.072,0.292,0.008,0.012,0.068,17.364,0.464,0.048,0.604,1.996,0.344,2.42,0.372,22.92,17.316,1.692,0.016230366492146597,0.01273996509598604,0.00034904013961605586,0.0031413612565445027,0.02024432809773124,0.7575916230366492,0.0020942408376963353,0.7554973821989529,0.1055846422338569,0.0150087260034904,0.08708551483420593,0.0005235602094240838,0.002966841186736475,0.07382198952879582,0.026352530541012217
2012,NJ,New Jersey,29000.0,403000.0,16000.0,71000.0,30000.0,1116000.0,78000.0,11000.0,85000.0,945000.0,46000.0,1093000.0,449000.0,4707000.0,1105000.0,1885000.0,0.116,1.612,0.064,0.284,0.12,4.464,0.312,0.044,0.34,3.78,0.184,4.372,1.796,18.828,4.42,7.54,0.09538984491183344,0.08561716592309326,0.0033991926917357126,0.00616103675377098,0.0165710643722116,0.23709369024856597,0.0023369449755683024,0.23475674527299767,0.23220735075419588,0.009772678988740175,0.20076481835564053,0.015083917569577226,0.006373486297004461,0.40046738899511364,0.018058211174845976
2012,NM,New Mexico,534000.0,1183000.0,231000.0,3531000.0,75000.0,13278000.0,54344000.0,11914000.0,741000.0,2720000.0,456000.0,6782000.0,1948000.0,77631000.0,1364000.0,539000.0,2.136,4.732,0.924,14.124,0.3,53.112,217.376,47.656,2.964,10.88,1.824,27.128,7.792,310.524,5.456,2.156,0.02509306849068027,0.015238757712769384,0.0029756154113691697,0.006878695366541717,0.7000296273395937,0.17103991961973955,0.15346961909546444,0.017570300524275096,0.08736200744547926,0.005873942110754724,0.03503754943257204,0.045484407002357306,0.0009661088997951849,0.0069431026265280625,0.009545155929976427
2012,NV,Nevada,42000.0,478000.0,57000.0,4295000.0,27000.0,5417000.0,52329000.0,4394000.0,141000.0,6580000.0,373000.0,11276000.0,577000.0,70260000.0,1023000.0,520000.0,0.168,1.912,0.228,17.18,0.108,21.668,209.316,17.576,0.564,26.32,1.492,45.104,2.308,281.04,4.092,2.08,0.008212354113293482,0.006803302021064617,0.0008112724167378309,0.0005977796754910333,0.7447907771135781,0.07709934528892684,0.06253914033589525,0.014560204953031597,0.16048961001992598,0.005308852832337034,0.09365214916026189,0.061130088243666385,0.0003842869342442357,0.00740108169655565,0.0020068317677198974
2012,NY,New York,318000.0,3816000.0,113000.0,143000.0,137000.0,15920000.0,2397000.0,152000.0,882000.0,3355000.0,441000.0,4077000.0,4247000.0,30161000.0,15768000.0,2638000.0,1.272,15.264,0.452,0.572,0.548,63.68,9.588,0.608,3.528,13.42,1.764,16.308,16.988,120.644,63.072,10.552,0.14081098106826698,0.1265210039454925,0.0037465601273167335,0.010543416995457711,0.07947349225821425,0.5278339577600212,0.005039620702231358,0.5227943370577899,0.13517456317761348,0.014621531116342297,0.11123636484201452,0.004741222108020291,0.004542289711879579,0.0874639435031995,0.029243062232684594
2012,OH,Ohio,530000.0,10190000.0,109000.0,38000.0,309000.0,7864000.0,2144000.0,292000.0,1148000.0,419000.0,516000.0,1282000.0,10829000.0,26151000.0,7572000.0,2883000.0,2.12,40.76,0.436,0.152,1.236,31.456,8.576,1.168,4.592,1.676,2.064,5.128,43.316,104.604,30.288,11.532,0.4140950632862988,0.38966005124087033,0.0041681006462467975,0.020266911399181676,0.0819853925280104,0.3007150778172919,0.011165920997284999,0.28954915682000687,0.04902298191273756,0.01973155902259952,0.01602233184199457,0.001453099307865856,0.011815991740277618,0.11024435012045429,0.04389889487973691
2012,OK,Oklahoma,1123000.0,9155000.0,1011000.0,189000.0,319000.0,7656000.0,19756000.0,5698000.0,2593000.0,538000.0,704000.0,1750000.0,11290000.0,43901000.0,1958000.0,856000.0,4.492,36.62,4.044,0.756,1.276,30.624,79.024,22.792,10.372,2.152,2.816,7.0,45.16,175.604,7.832,3.424,0.25716954055716273,0.2085373909478144,0.02302908817566798,0.02558028290927314,0.45001252818842397,0.17439238286143824,0.12979203207216236,0.04460035078927587,0.03986241771258058,0.016036081182660988,0.012254846131067629,0.0043051411129587025,0.00726634928589326,0.0194984168925537,0.059064713787840825
2012,OR,Oregon,834000.0,3522000.0,308000.0,128000.0,119000.0,24116000.0,23863000.0,10060000.0,3919000.0,3446000.0,458000.0,4151000.0,4664000.0,61432000.0,14056000.0,719000.0,3.336,14.088,1.232,0.512,0.476,96.464,95.452,40.24,15.676,13.784,1.832,16.604,18.656,245.728,56.224,2.876,0.07592134392499024,0.057331683812996484,0.005013673655423883,0.013575986456569865,0.3884457611668186,0.3925641359552025,0.16375830186222165,0.22880583409298086,0.06757064721969007,0.00745539783826019,0.05609454356035942,0.002083604636020315,0.0019371011850501368,0.011703997916395365,0.06379411381690324
2012,PA,Pennsylvania,446000.0,3952000.0,119000.0,43000.0,203000.0,16242000.0,1287000.0,135000.0,770000.0,1924000.0,581000.0,2751000.0,4517000.0,28636000.0,16107000.0,3069000.0,1.784,15.808,0.476,0.172,0.812,64.968,5.148,0.54,3.08,7.696,2.324,11.004,18.068,114.544,64.428,12.276,0.1577385109652186,0.13800810169018018,0.004155608325185082,0.015574800949853331,0.0449434278530521,0.5671881547702193,0.004714345578991479,0.5624738091912278,0.09606788657633748,0.02028914652884481,0.0671881547702193,0.0015016063696046934,0.007088978907668669,0.10717278949573963,0.02688923033943288
2012,RI,Rhode Island,4000.0,19000.0,2000.0,3000.0,2000.0,290000.0,7000.0,2000.0,0.0,65000.0,11000.0,81000.0,25000.0,662000.0,288000.0,258000.0,0.016,0.076,0.008,0.012,0.008,1.16,0.028,0.008,0.0,0.26,0.044,0.324,0.1,2.648,1.152,1.032,0.0377643504531722,0.028700906344410877,0.0030211480362537764,0.006042296072507553,0.010574018126888218,0.4380664652567976,0.0030211480362537764,0.4350453172205438,0.12235649546827794,0.01661631419939577,0.09818731117824774,0.004531722054380665,0.0030211480362537764,0.38972809667673713,0.0
2012,SC,South Carolina,308000.0,1540000.0,55000.0,244000.0,81000.0,13025000.0,976000.0,182000.0,745000.0,247000.0,426000.0,998000.0,1904000.0,19239000.0,12843000.0,1591000.0,1.232,6.16,0.22,0.976,0.324,52.1,3.904,0.728,2.98,0.988,1.704,3.992,7.616,76.956,51.372,6.364,0.0989656427049223,0.08004574042309891,0.002858776443682104,0.016009148084619784,0.050730287436976974,0.6770102396174438,0.00945995114091169,0.6675502884765321,0.051873798014449815,0.02214252300015593,0.012838505119808722,0.012682571859244244,0.004210198035240917,0.08269660585269505,0.038723426373512136
2012,SD,South Dakota,1203000.0,17624000.0,528000.0,6000.0,193000.0,1789000.0,24972000.0,884000.0,334000.0,892000.0,825000.0,1916000.0,19356000.0,48519000.0,905000.0,152000.0,4.812,70.496,2.112,0.024,0.772,7.156,99.888,3.536,1.336,3.568,3.3,7.664,77.424,194.076,3.62,0.608,0.39893649910344403,0.3632391434283477,0.010882334755456625,0.024794410437148334,0.514684968775119,0.036872153177105876,0.01821966652239329,0.018652486654712586,0.03948968445351306,0.01700364805540098,0.01838455038232445,0.00012366289494837075,0.003977823120839259,0.003132793338692059,0.006883901152125971
2012,TN,Tennessee,374000.0,4479000.0,408000.0,174000.0,189000.0,13500000.0,3424000.0,737000.0,267000.0,1180000.0,476000.0,2018000.0,5261000.0,26390000.0,12763000.0,1920000.0,1.496,17.916,1.632,0.696,0.756,54.0,13.696,2.948,1.068,4.72,1.904,8.072,21.044,105.56,51.052,7.68,0.1993558165971959,0.16972338006820764,0.015460401667298219,0.014172034861690034,0.1297461159530125,0.5115574081091322,0.02792724516862448,0.48363016294050776,0.07646835922697992,0.01803713527851459,0.0447139067828723,0.006593406593406593,0.007161803713527852,0.07275483137552104,0.010117468738158393
2012,TX,Texas,4773000.0,21598000.0,2844000.0,493000.0,967000.0,14357000.0,104603000.0,5759000.0,6790000.0,3167000.0,1792000.0,6419000.0,29215000.0,167188000.0,8598000.0,5805000.0,19.092,86.392,11.376,1.972,3.868,57.428,418.412,23.036,27.16,12.668,7.168,25.676,116.86,668.752,34.392,23.22,0.17474340263655286,0.12918391272100868,0.01701079024810393,0.028548699667440246,0.6256609326028184,0.08587338804220399,0.03444625212335813,0.05142713591884585,0.03839390386869871,0.010718472617651985,0.018942747087111515,0.0029487762279589444,0.005783907935976267,0.034721391487427325,0.04061296265282197
2012,UT,Utah,246000.0,1090000.0,140000.0,1815000.0,59000.0,9810000.0,32774000.0,8187000.0,1870000.0,3798000.0,373000.0,6045000.0,1476000.0,52589000.0,1623000.0,614000.0,0.984,4.36,0.56,7.26,0.236,39.24,131.096,32.748,7.48,15.192,1.492,24.18,5.904,210.356,6.492,2.456,0.028066705965125786,0.020726767955275817,0.002662153682329004,0.004677784327520964,0.6232101770332199,0.18654091159748237,0.1556789442659111,0.03086196733157124,0.11494799292627736,0.0070927380250622755,0.07222042632489684,0.034512920953051016,0.001121907623267223,0.011675445435357205,0.035558767042537416
2012,VA,Virginia,205000.0,2636000.0,148000.0,413000.0,137000.0,15385000.0,2794000.0,472000.0,569000.0,898000.0,344000.0,1793000.0,2989000.0,25274000.0,14913000.0,1744000.0,0.82,10.544,0.592,1.652,0.548,61.54,11.176,1.888,2.276,3.592,1.376,7.172,11.956,101.096,59.652,6.976,0.11826382844029437,0.1042969059112131,0.005855820210492997,0.008111102318588272,0.11054838964944211,0.6087283374218565,0.018675318509139827,0.5900530189127167,0.07094247052306718,0.013610825354118858,0.03553058479069399,0.016340903695497348,0.005420590329983382,0.06900371923716071,0.022513254728179156
2012,VT,Vermont,19000.0,379000.0,15000.0,12000.0,30000.0,4476000.0,305000.0,37000.0,106000.0,369000.0,87000.0,498000.0,412000.0,5899000.0,4439000.0,101000.0,0.076,1.516,0.06,0.048,0.12,17.904,1.22,0.148,0.424,1.476,0.348,1.992,1.648,23.596,17.756,0.404,0.06984234616036616,0.06424817765723004,0.0025428038650618747,0.0032208848957450413,0.051703678589591455,0.7587726733344635,0.006272249533819291,0.7525004238006442,0.08442108832005425,0.014748262417358875,0.06255297508052213,0.0020342430920494998,0.0050856077301237495,0.017121546024749957,0.017969147313103916
2012,WA,Washington,1856000.0,5558000.0,125000.0,1355000.0,127000.0,18081000.0,7314000.0,4368000.0,444000.0,5572000.0,548000.0,7601000.0,7539000.0,42532000.0,13713000.0,1553000.0,7.424,22.232,0.5,5.42,0.508,72.324,29.256,17.472,1.776,22.288,2.192,30.404,30.156,170.128,54.852,6.212,0.1772547728768927,0.13067807768268597,0.0029389636038747295,0.043637731590331984,0.17196463838991818,0.4251152073732719,0.10269914417379855,0.32241606319947336,0.17871249882441456,0.012884416439386814,0.13100724160631994,0.03185836546600207,0.0029859870215367254,0.03651368381453964,0.01043919872096304
2012,WI,Wisconsin,607000.0,9301000.0,164000.0,142000.0,311000.0,16727000.0,2864000.0,769000.0,1422000.0,961000.0,930000.0,2344000.0,10071000.0,34661000.0,15958000.0,1234000.0,2.428,37.204,0.656,0.568,1.244,66.908,11.456,3.076,5.688,3.844,3.72,9.376,40.284,138.644,63.832,4.936,0.2905571102968755,0.2683419405095064,0.004731542656011079,0.017512478001211737,0.08262889126107152,0.4825885000432763,0.022186318917515362,0.4604021811257609,0.06762643893713395,0.026831308963965263,0.027725685929430772,0.0040968235192291045,0.008972620524508814,0.03560197339949799,0.0410259369319985
2012,WV,West Virginia,42000.0,685000.0,54000.0,4000.0,47000.0,11780000.0,1351000.0,550000.0,10000.0,784000.0,208000.0,1043000.0,781000.0,15384000.0,11230000.0,420000.0,0.168,2.74,0.216,0.016,0.188,47.12,5.404,2.2,0.04,3.136,0.832,4.172,3.124,61.536,44.92,1.68,0.050767030681227246,0.044526781071242846,0.0035101404056162248,0.002730109204368175,0.08781851274050963,0.765730629225169,0.035751430057202285,0.7299791991679667,0.06779771190847633,0.013520540821632865,0.05096203848153926,0.00026001040041601667,0.0030551222048881953,0.027301092043681748,0.0006500260010400416
2012,WY,Wyoming,207000.0,1523000.0,256000.0,17000.0,47000.0,7002000.0,46086000.0,6022000.0,597000.0,5861000.0,416000.0,6340000.0,1986000.0,62140000.0,980000.0,128000.0,0.828,6.092,1.024,0.068,0.188,28.008,184.344,24.088,2.388,23.444,1.664,25.36,7.944,248.56,3.92,0.512,0.03196009011908593,0.024509172835532667,0.004119729642742195,0.003331187640811072,0.7416478918570969,0.11268104280656582,0.09691020276794335,0.015770840038622464,0.10202767943353717,0.0066945606694560665,0.09431927904731252,0.0002735757965883489,0.0007563566140971999,0.0020598648213710977,0.009607338268426134
